#
# There is insufficient memory for the Java Runtime Environment to continue.
# Native memory allocation (mmap) failed to map 65536 bytes. Error detail: Failed to commit metaspace.
# Possible reasons:
#   The system is out of physical RAM or swap space
#   This process is running with CompressedOops enabled, and the Java Heap may be blocking the growth of the native heap
# Possible solutions:
#   Reduce memory load on the system
#   Increase physical memory or swap space
#   Check if swap backing store is full
#   Decrease Java heap size (-Xmx/-Xms)
#   Decrease number of Java threads
#   Decrease Java thread stack sizes (-Xss)
#   Set larger code cache with -XX:ReservedCodeCacheSize=
#   JVM is running with Unscaled Compressed Oops mode in which the Java heap is
#     placed in the first 4GB address space. The Java Heap base address is the
#     maximum limit for the native heap growth. Please use -XX:HeapBaseMinAddress
#     to set the Java Heap base and to place the Java Heap above 4GB virtual address.
# This output file may be truncated or incomplete.
#
#  Out of Memory Error (virtualSpaceNode.cpp:113), pid=13080, tid=10720
#
# JRE version: OpenJDK Runtime Environment (21.0.10) (build 21.0.10+-14961533-b1163.108)
# Java VM: OpenJDK 64-Bit Server VM (21.0.10+-14961533-b1163.108, mixed mode, tiered, compressed oops, compressed class ptrs, parallel gc, windows-amd64)
# No core dump will be written. Minidumps are not enabled by default on client versions of Windows
#

---------------  S U M M A R Y ------------

Command Line: --add-modules=ALL-SYSTEM --add-opens=java.base/java.util=ALL-UNNAMED --add-opens=java.base/java.lang=ALL-UNNAMED --add-opens=java.base/sun.nio.fs=ALL-UNNAMED -Declipse.application=org.eclipse.jdt.ls.core.id1 -Dosgi.bundles.defaultStartLevel=4 -Declipse.product=org.eclipse.jdt.ls.core.product -Djava.import.generatesMetadataFilesAtProjectRoot=false -DDetectVMInstallationsJob.disabled=true -Dfile.encoding=utf8 -XX:+UseParallelGC -XX:GCTimeRatio=4 -XX:AdaptiveSizePolicyWeight=90 -Dsun.zip.disableMemoryMapping=true -Xmx2G -Xms100m -Xlog:disable -javaagent:c:\Users\Huywill\.vscode\extensions\redhat.java-1.55.0-win32-x64\lombok\lombok-1.18.39-4050.jar -XX:+HeapDumpOnOutOfMemoryError -XX:HeapDumpPath=c:\Users\Huywill\AppData\Roaming\Code\User\workspaceStorage\6dbe84330905bf9988ffc1e6a4f4587e\redhat.java -Daether.dependencyCollector.impl=bf c:\Users\Huywill\.vscode\extensions\redhat.java-1.55.0-win32-x64\server\plugins\org.eclipse.equinox.launcher_1.7.200.v20260619-2039.jar -configuration c:\Users\Huywill\AppData\Roaming\Code\User\globalStorage\redhat.java\1.55.0\config_win -data c:\Users\Huywill\AppData\Roaming\Code\User\workspaceStorage\6dbe84330905bf9988ffc1e6a4f4587e\redhat.java\jdt_ws --pipe=\\.\pipe\lsp-47a3d373f41d37be8be00d901ef9703e-sock

Host: 11th Gen Intel(R) Core(TM) i5-11400H @ 2.70GHz, 12 cores, 15G,  Windows 11 , 64 bit Build 26100 (10.0.26100.9168)
Time: Mon Aug 24 01:20:00 2026 SE Asia Standard Time elapsed time: 9.674923 seconds (0d 0h 0m 9s)

---------------  T H R E A D  ---------------

Current thread (0x0000023aa3c65ce0):  JavaThread "Start Level: Equinox Container: 7d52b37b-4b0d-4394-96bf-760ec8e7f3bb" daemon [_thread_in_vm, id=10720, stack(0x00000084a1b00000,0x00000084a1c00000) (1024K)]

Stack: [0x00000084a1b00000,0x00000084a1c00000]
Native frames: (J=compiled Java code, j=interpreted, Vv=VM code, C=native code)
V  [jvm.dll+0x6d78a9]
V  [jvm.dll+0x8665b3]
V  [jvm.dll+0x868bde]
V  [jvm.dll+0x8692c3]
V  [jvm.dll+0x280ee6]
V  [jvm.dll+0x86146e]
V  [jvm.dll+0x67add5]
V  [jvm.dll+0x67ae3a]
V  [jvm.dll+0x67d696]
V  [jvm.dll+0x67d562]
V  [jvm.dll+0x67b7ce]
V  [jvm.dll+0x26ce00]
V  [jvm.dll+0x2172eb]
V  [jvm.dll+0x20c73a]
V  [jvm.dll+0x5b7f75]
V  [jvm.dll+0x21e64c]
V  [jvm.dll+0x7def2c]
V  [jvm.dll+0x7dffc2]
V  [jvm.dll+0x7e0787]
V  [jvm.dll+0x217b8c]
V  [jvm.dll+0x20c753]
V  [jvm.dll+0x5b7f75]
V  [jvm.dll+0x21e64c]
V  [jvm.dll+0x7def2c]
V  [jvm.dll+0x7dffc2]
V  [jvm.dll+0x7e0584]
V  [jvm.dll+0x7e0218]
V  [jvm.dll+0x26f45b]
V  [jvm.dll+0x3d93ae]
C  0x0000023a90769136

The last pc belongs to new (printed below).
Java frames: (J=compiled Java code, j=interpreted, Vv=VM code)
j  com.sun.org.apache.xalan.internal.xsltc.trax.TransformerFactoryImpl.<init>()V+200 java.xml@21.0.10
J 2132 c1 java.lang.invoke.DirectMethodHandle$Holder.newInvokeSpecial(Ljava/lang/Object;)Ljava/lang/Object; java.base@21.0.10 (20 bytes) @ 0x0000023a8961e93c [0x0000023a8961e400+0x000000000000053c]
J 1847 c1 jdk.internal.reflect.DirectConstructorHandleAccessor.newInstance([Ljava/lang/Object;)Ljava/lang/Object; java.base@21.0.10 (130 bytes) @ 0x0000023a8955db8c [0x0000023a8955c980+0x000000000000120c]
J 1439 c1 java.lang.reflect.Constructor.newInstanceWithCaller([Ljava/lang/Object;ZLjava/lang/Class;)Ljava/lang/Object; java.base@21.0.10 (51 bytes) @ 0x0000023a89473444 [0x0000023a89473260+0x00000000000001e4]
J 3380 c1 java.lang.reflect.Constructor.newInstance([Ljava/lang/Object;)Ljava/lang/Object; java.base@21.0.10 (34 bytes) @ 0x0000023a898dd144 [0x0000023a898dcfe0+0x0000000000000164]
j  javax.xml.transform.FactoryFinder.newInstance(Ljava/lang/Class;Ljava/lang/String;Ljava/lang/ClassLoader;Z)Ljava/lang/Object;+95 java.xml@21.0.10
j  javax.xml.transform.FactoryFinder.find(Ljava/lang/Class;Ljava/lang/String;)Ljava/lang/Object;+135 java.xml@21.0.10
j  javax.xml.transform.TransformerFactory.newInstance()Ljavax/xml/transform/TransformerFactory;+4 java.xml@21.0.10
j  org.eclipse.core.internal.runtime.XmlProcessorFactory.createTransformerFactoryWithErrorOnDOCTYPE()Ljavax/xml/transform/TransformerFactory;+0
j  org.eclipse.text.templates.TemplateReaderWriter.save([Lorg/eclipse/text/templates/TemplatePersistenceData;Ljavax/xml/transform/stream/StreamResult;)V+424
j  org.eclipse.text.templates.TemplateReaderWriter.save([Lorg/eclipse/text/templates/TemplatePersistenceData;Ljava/io/Writer;)V+10
j  org.eclipse.jdt.ls.core.internal.preferences.PreferenceManager.reloadTemplateStore()V+84
j  org.eclipse.jdt.ls.core.internal.preferences.PreferenceManager.initialize()V+657
j  org.eclipse.jdt.ls.core.internal.preferences.PreferenceManager.<init>()V+40
j  org.eclipse.jdt.ls.core.internal.preferences.StandardPreferenceManager.<init>()V+1
j  org.eclipse.jdt.ls.core.internal.JavaLanguageServerPlugin.start(Lorg/osgi/framework/BundleContext;)V+79
j  org.eclipse.osgi.internal.framework.BundleContextImpl$2.run()Ljava/lang/Void;+23
j  org.eclipse.osgi.internal.framework.BundleContextImpl$2.run()Ljava/lang/Object;+1
J 1303 c1 java.security.AccessController.executePrivileged(Ljava/security/PrivilegedExceptionAction;Ljava/security/AccessControlContext;Ljava/lang/Class;)Ljava/lang/Object; java.base@21.0.10 (65 bytes) @ 0x0000023a894314bc [0x0000023a89431360+0x000000000000015c]
j  java.security.AccessController.doPrivileged(Ljava/security/PrivilegedExceptionAction;)Ljava/lang/Object;+9 java.base@21.0.10
j  org.eclipse.osgi.internal.framework.BundleContextImpl.startActivator(Lorg/osgi/framework/BundleActivator;)V+9
j  org.eclipse.osgi.internal.framework.BundleContextImpl.start()V+141
j  org.eclipse.osgi.internal.framework.EquinoxBundle.startWorker0()V+35
j  org.eclipse.osgi.internal.framework.EquinoxBundle$EquinoxModule.startWorker()V+4
j  org.eclipse.osgi.container.Module.doStart([Lorg/eclipse/osgi/container/Module$StartOptions;)Lorg/eclipse/osgi/container/ModuleContainerAdaptor$ModuleEvent;+200
j  org.eclipse.osgi.container.Module.start([Lorg/eclipse/osgi/container/Module$StartOptions;)V+460
j  org.eclipse.osgi.container.ModuleContainer$ContainerStartLevel$2.run()V+83
j  org.eclipse.osgi.internal.framework.EquinoxContainerAdaptor$1$1.execute(Ljava/lang/Runnable;)V+1
j  org.eclipse.osgi.container.ModuleContainer$ContainerStartLevel.incStartLevel(ILjava/util/List;Z)V+193
j  org.eclipse.osgi.container.ModuleContainer$ContainerStartLevel.incStartLevel(ILjava/util/List;Ljava/util/List;Ljava/util/List;Ljava/util/List;)V+19
j  org.eclipse.osgi.container.ModuleContainer$ContainerStartLevel.doContainerStartLevel(Lorg/eclipse/osgi/container/Module;I[Lorg/osgi/framework/FrameworkListener;)V+358
j  org.eclipse.osgi.container.ModuleContainer$ContainerStartLevel.dispatchEvent(Lorg/eclipse/osgi/container/Module;[Lorg/osgi/framework/FrameworkListener;ILjava/lang/Integer;)V+32
j  org.eclipse.osgi.container.ModuleContainer$ContainerStartLevel.dispatchEvent(Ljava/lang/Object;Ljava/lang/Object;ILjava/lang/Object;)V+15
j  org.eclipse.osgi.framework.eventmgr.EventManager.dispatchEvent(Ljava/util/Set;Lorg/eclipse/osgi/framework/eventmgr/EventDispatcher;ILjava/lang/Object;)V+48
j  org.eclipse.osgi.framework.eventmgr.EventManager$EventThread.run()V+26
v  ~StubRoutines::call_stub 0x0000023a907510e7
new  187 new  [0x0000023a90768fc0, 0x0000023a907691c0]  512 bytes
[MachCode]
  0x0000023a90768fc0: 4883 ec08 | c5fa 1104 | 24eb 1f48 | 83ec 10c5 | fb11 0424 | eb14 4883 | ec10 4889 | 0424 48c7 
  0x0000023a90768fe0: 4424 0800 | 0000 00eb | 0150 410f | b755 010f | cac1 ea10 | 488b 4de8 | 488b 4908 | 488b 4908 
  0x0000023a90769000: 488b 4108 | 807c 1004 | 070f 85ca | 0000 0066 | 8b54 d148 | 488b 4928 | 488b 4cd1 | 0851 80b9 
  0x0000023a90769020: 6101 0000 | 040f 85ad | 0000 008b | 5108 f6c2 | 010f 85a1 | 0000 0049 | 8b87 b801 | 0000 488d 
  0x0000023a90769040: 1c10 493b | 9fc8 0100 | 000f 8789 | 0000 0049 | 899f b801 | 0000 4883 | ea10 0f84 | 0f00 0000 
  0x0000023a90769060: 33c9 c1ea | 0348 894c | d008 48ff | ca75 f648 | c700 0100 | 0000 5933 | f689 700c | 48c1 e903 
  0x0000023a90769080: 8948 0849 | baa9 fa58 | 2af9 7f00 | 0041 803a | 000f 843c | 0000 0050 | 488b c848 | 83ec 2040 
  0x0000023a907690a0: f6c4 0f0f | 8419 0000 | 0048 83ec | 0848 b870 | e912 2af9 | 7f00 00ff | d048 83c4 | 08e9 0c00 
  0x0000023a907690c0: 0000 48b8 | 70e9 122a | f97f 0000 | ffd0 4883 | c420 58e9 | cb00 0000 | 5948 8b55 | e848 8b52 
  0x0000023a907690e0: 0848 8b52 | 0845 0fb7 | 4501 410f | c841 c1e8 | 10e8 0500 | 0000 e9a8 | 0000 0048 | 8d44 2408 
  0x0000023a90769100: 4c89 6dc0 | 498b cfc5 | f877 4989 | afb0 0300 | 0049 8987 | a003 0000 | 4883 ec20 | 40f6 c40f 
  0x0000023a90769120: 0f84 1900 | 0000 4883 | ec08 48b8 | 6093 dc29 | f97f 0000 | ffd0 4883 | c408 e90c | 0000 0048 
  0x0000023a90769140: b860 93dc | 29f9 7f00 | 00ff d048 | 83c4 2049 | c787 a003 | 0000 0000 | 0000 49c7 | 87b0 0300 
  0x0000023a90769160: 0000 0000 | 0049 c787 | a803 0000 | 0000 0000 | c5f8 7749 | 837f 0800 | 0f84 0500 | 0000 e97d 
  0x0000023a90769180: 7dfe ff49 | 8b87 f803 | 0000 49c7 | 87f8 0300 | 0000 0000 | 004c 8b6d | c04c 8b75 | c84e 8d74 
  0x0000023a907691a0: f500 c341 | 0fb6 5d03 | 4983 c503 | 49ba 90c6 | 5b2a f97f | 0000 41ff | 24da 660f | 1f44 0000 
[/MachCode]

Compiled method (c1) 9707 2132       3       java.lang.invoke.DirectMethodHandle$Holder::newInvokeSpecial (20 bytes)
 total in heap  [0x0000023a8961e210,0x0000023a8961ebd8] = 2504
 relocation     [0x0000023a8961e370,0x0000023a8961e400] = 144
 main code      [0x0000023a8961e400,0x0000023a8961ea18] = 1560
 stub code      [0x0000023a8961ea18,0x0000023a8961ea78] = 96
 metadata       [0x0000023a8961ea78,0x0000023a8961ea90] = 24
 scopes data    [0x0000023a8961ea90,0x0000023a8961eb08] = 120
 scopes pcs     [0x0000023a8961eb08,0x0000023a8961ebb8] = 176
 dependencies   [0x0000023a8961ebb8,0x0000023a8961ebc0] = 8
 nul chk table  [0x0000023a8961ebc0,0x0000023a8961ebd8] = 24

[Constant Pool (empty)]

[MachCode]
[Verified Entry Point]
  # {method} {0x0000023a9d3de720} 'newInvokeSpecial' '(Ljava/lang/Object;)Ljava/lang/Object;' in 'java/lang/invoke/DirectMethodHandle$Holder'
  # parm0:    rdx:rdx   = 'java/lang/Object'
  #           [sp+0x60]  (sp of caller)
  0x0000023a8961e400: 8984 2400 | 80ff ff55 | 4883 ec50 | 4181 7f20 | 0300 0000 

  0x0000023a8961e414: ;   {runtime_call StubRoutines (final stubs)}
  0x0000023a8961e414: 7405 e805 

  0x0000023a8961e418: ;   {metadata(method data for {method} {0x0000023a9d3de720} 'newInvokeSpecial' '(Ljava/lang/Object;)Ljava/lang/Object;' in 'java/lang/invoke/DirectMethodHandle$Holder')}
  0x0000023a8961e418: 4217 0749 | b868 a2de | 9d3a 0200 | 004d 8d80 | 3802 0000 | 4885 d275 | 0d41 f600 | 0175 44f0 
  0x0000023a8961e438: 4983 0801 | eb3d 8b72 | 0848 c1e6 | 034c 8bd6 | 4933 3048 | f7c6 fcff | ffff 7427 | 40f6 c602 
  0x0000023a8961e458: 7521 49f7 | 00fe ffff | ff74 1549 | 8bf2 4933 | 3048 f7c6 | fcff ffff | 7409 4983 | 0802 eb03 
  0x0000023a8961e478: ;   {metadata(method data for {method} {0x0000023a9d3de720} 'newInvokeSpecial' '(Ljava/lang/Object;)Ljava/lang/Object;' in 'java/lang/invoke/DirectMethodHandle$Holder')}
  0x0000023a8961e478: 4989 3049 | b868 a2de | 9d3a 0200 | 0041 8bb0 | cc00 0000 | 83c6 0241 | 89b0 cc00 | 0000 81e6 
  0x0000023a8961e498: fe07 0000 | 85f6 0f84 | b804 0000 

  0x0000023a8961e4a4: ;   {metadata(method data for {method} {0x0000023a9d3de720} 'newInvokeSpecial' '(Ljava/lang/Object;)Ljava/lang/Object;' in 'java/lang/invoke/DirectMethodHandle$Holder')}
  0x0000023a8961e4a4: 49b8 68a2 | de9d 3a02 | 0000 4d8d | 8020 0100 | 0048 85d2 | 750f 41f6 | 4008 0175 | 4af0 4983 
  0x0000023a8961e4c4: 4808 01eb | 428b 7208 | 48c1 e603 | 4c8b d649 | 3370 0848 | f7c6 fcff | ffff 742b | 40f6 c602 
  0x0000023a8961e4e4: 7525 49f7 | 4008 feff | ffff 7417 | 498b f249 | 3370 0848 | f7c6 fcff | ffff 740b | 4983 4808 
  0x0000023a8961e504: 02eb 0449 

  0x0000023a8961e508: ;   {metadata(method data for {method} {0x0000023a9d3de720} 'newInvokeSpecial' '(Ljava/lang/Object;)Ljava/lang/Object;' in 'java/lang/invoke/DirectMethodHandle$Holder')}
  0x0000023a8961e508: 8970 0849 | b868 a2de | 9d3a 0200 | 0049 8380 | 1001 0000 

  0x0000023a8961e51c: ;   {metadata(method data for {method} {0x0000023a9d093740} 'allocateInstance' '(Ljava/lang/Object;)Ljava/lang/Object;' in 'java/lang/invoke/DirectMethodHandle')}
  0x0000023a8961e51c: 0149 b890 | 0cbf 9d3a | 0200 0041 | 8bb0 cc00 | 0000 83c6 | 0241 89b0 | cc00 0000 | 81e6 feff 
  0x0000023a8961e53c: 1f00 85f6 | 0f84 3704 | 0000 4885 

  0x0000023a8961e548: ;   {metadata(method data for {method} {0x0000023a9d093740} 'allocateInstance' '(Ljava/lang/Object;)Ljava/lang/Object;' in 'java/lang/invoke/DirectMethodHandle')}
  0x0000023a8961e548: d275 1648 | bf90 0cbf | 9d3a 0200 | 0080 8f09 | 0100 0001 | e9ba 0000 

  0x0000023a8961e560: ;   {metadata('java/lang/invoke/DirectMethodHandle$Constructor')}
  0x0000023a8961e560: 0048 bb68 | d101 0001 | 0000 008b | 7208 48c1 | e603 483b | de0f 8584 

  0x0000023a8961e578: ;   {metadata(method data for {method} {0x0000023a9d093740} 'allocateInstance' '(Ljava/lang/Object;)Ljava/lang/Object;' in 'java/lang/invoke/DirectMethodHandle')}
  0x0000023a8961e578: 0000 0048 | bf90 0cbf | 9d3a 0200 | 008b 5a08 | 48c1 e303 | 483b 9f20 | 0100 0075 | 0d48 8387 
  0x0000023a8961e598: 2801 0000 | 01e9 7900 | 0000 483b | 9f30 0100 | 0075 0d48 | 8387 3801 | 0000 01e9 | 6300 0000 
  0x0000023a8961e5b8: 4883 bf20 | 0100 0000 | 7517 4889 | 9f20 0100 | 0048 c787 | 2801 0000 | 0100 0000 | e942 0000 
  0x0000023a8961e5d8: 0048 83bf | 3001 0000 | 0075 1748 | 899f 3001 | 0000 48c7 | 8738 0100 | 0001 0000 | 00e9 2100 
  0x0000023a8961e5f8: 0000 e91c 

  0x0000023a8961e5fc: ;   {metadata(method data for {method} {0x0000023a9d093740} 'allocateInstance' '(Ljava/lang/Object;)Ljava/lang/Object;' in 'java/lang/invoke/DirectMethodHandle')}
  0x0000023a8961e5fc: 0000 0048 | bf90 0cbf | 9d3a 0200 | 0048 83af | 1001 0000 | 01e9 8803 | 0000 e900 | 0000 004c 
  0x0000023a8961e61c: 8bc2 458b 

  0x0000023a8961e620: ;   {oop(a 'jdk/internal/misc/Unsafe'{0x0000000080000b28})}
  0x0000023a8961e620: 4028 48be | 280b 0080 | 0000 0000 

  0x0000023a8961e62c: ;   {metadata(method data for {method} {0x0000023a9d093740} 'allocateInstance' '(Ljava/lang/Object;)Ljava/lang/Object;' in 'java/lang/invoke/DirectMethodHandle')}
  0x0000023a8961e62c: 488b fe48 | bb90 0cbf | 9d3a 0200 | 0048 8383 | 4801 0000 | 0148 8954 | 2430 488b | d666 0f1f 
  0x0000023a8961e64c: ;   {optimized virtual_call}
  0x0000023a8961e64c: 4400 00e8 

  0x0000023a8961e650: ; ImmutableOopMap {[48]=Oop }
                      ;*invokevirtual allocateInstance {reexecute=0 rethrow=0 return_oop=0}
                      ; - java.lang.invoke.DirectMethodHandle::allocateInstance@12
                      ; - java.lang.invoke.DirectMethodHandle$Holder::newInvokeSpecial@1
  0x0000023a8961e650: e4c2 7107 

  0x0000023a8961e654: ;   {other}
  0x0000023a8961e654: 0f1f 8400 | 4404 0000 

  0x0000023a8961e65c: ;   {metadata(method data for {method} {0x0000023a9d3de720} 'newInvokeSpecial' '(Ljava/lang/Object;)Ljava/lang/Object;' in 'java/lang/invoke/DirectMethodHandle$Holder')}
  0x0000023a8961e65c: 48ba 68a2 | de9d 3a02 | 0000 488d | 9230 0100 | 0048 85c0 | 750c f602 | 0175 45f0 | 4883 0a01 
  0x0000023a8961e67c: eb3e 448b | 4008 49c1 | e003 4d8b | d04c 3302 | 49f7 c0fc | ffff ff74 | 2741 f6c0 | 0275 2148 
  0x0000023a8961e69c: f702 feff | ffff 7415 | 4d8b c24c | 3302 49f7 | c0fc ffff | ff74 0948 | 830a 02eb | 034c 8902 
  0x0000023a8961e6bc: ;   {metadata(method data for {method} {0x0000023a9d3de720} 'newInvokeSpecial' '(Ljava/lang/Object;)Ljava/lang/Object;' in 'java/lang/invoke/DirectMethodHandle$Holder')}
  0x0000023a8961e6bc: 48ba 68a2 | de9d 3a02 | 0000 488d | 9250 0100 | 004c 8b44 | 2430 4d85 | c075 0ef6 | 4208 0175 
  0x0000023a8961e6dc: 4bf0 4883 | 4a08 01eb | 4341 8b70 | 0848 c1e6 | 034c 8bd6 | 4833 7208 | 48f7 c6fc | ffff ff74 
  0x0000023a8961e6fc: 2b40 f6c6 | 0275 2548 | f742 08fe | ffff ff74 | 1749 8bf2 | 4833 7208 | 48f7 c6fc | ffff ff74 
  0x0000023a8961e71c: 0b48 834a | 0802 eb04 | 4889 7208 

  0x0000023a8961e728: ;   {metadata(method data for {method} {0x0000023a9d3de720} 'newInvokeSpecial' '(Ljava/lang/Object;)Ljava/lang/Object;' in 'java/lang/invoke/DirectMethodHandle$Holder')}
  0x0000023a8961e728: 48ba 68a2 | de9d 3a02 | 0000 4883 | 8240 0100 

  0x0000023a8961e738: ;   {metadata(method data for {method} {0x0000023a9d093680} 'constructorMethod' '(Ljava/lang/Object;)Ljava/lang/Object;' in 'java/lang/invoke/DirectMethodHandle')}
  0x0000023a8961e738: 0001 48ba | 500e bf9d | 3a02 0000 | 8bb2 cc00 | 0000 83c6 | 0289 b2cc | 0000 0081 | e6fe ff1f 
  0x0000023a8961e758: 0085 f60f | 844b 0200 | 004d 85c0 

  0x0000023a8961e764: ;   {metadata(method data for {method} {0x0000023a9d093680} 'constructorMethod' '(Ljava/lang/Object;)Ljava/lang/Object;' in 'java/lang/invoke/DirectMethodHandle')}
  0x0000023a8961e764: 7516 48be | 500e bf9d | 3a02 0000 | 808e 0901 | 0000 01e9 | bc00 0000 

  0x0000023a8961e77c: ;   {metadata('java/lang/invoke/DirectMethodHandle$Constructor')}
  0x0000023a8961e77c: 48bf 68d1 | 0100 0100 | 0000 418b | 5008 48c1 | e203 483b | fa0f 8585 

  0x0000023a8961e794: ;   {metadata(method data for {method} {0x0000023a9d093680} 'constructorMethod' '(Ljava/lang/Object;)Ljava/lang/Object;' in 'java/lang/invoke/DirectMethodHandle')}
  0x0000023a8961e794: 0000 0048 | be50 0ebf | 9d3a 0200 | 0041 8b78 | 0848 c1e7 | 0348 3bbe | 2001 0000 | 750d 4883 
  0x0000023a8961e7b4: 8628 0100 | 0001 e979 | 0000 0048 | 3bbe 3001 | 0000 750d | 4883 8638 | 0100 0001 | e963 0000 
  0x0000023a8961e7d4: 0048 83be | 2001 0000 | 0075 1748 | 89be 2001 | 0000 48c7 | 8628 0100 | 0001 0000 | 00e9 4200 
  0x0000023a8961e7f4: 0000 4883 | be30 0100 | 0000 7517 | 4889 be30 | 0100 0048 | c786 3801 | 0000 0100 | 0000 e921 
  0x0000023a8961e814: 0000 00e9 | 1c00 0000 

  0x0000023a8961e81c: ;   {metadata(method data for {method} {0x0000023a9d093680} 'constructorMethod' '(Ljava/lang/Object;)Ljava/lang/Object;' in 'java/lang/invoke/DirectMethodHandle')}
  0x0000023a8961e81c: 48be 500e | bf9d 3a02 | 0000 4883 | ae10 0100 | 0001 e99a | 0100 00e9 | 0000 0000 | 498b d044 
  0x0000023a8961e83c: ;   {metadata(method data for {method} {0x0000023a9d3de720} 'newInvokeSpecial' '(Ljava/lang/Object;)Ljava/lang/Object;' in 'java/lang/invoke/DirectMethodHandle$Holder')}
  0x0000023a8961e83c: 8b42 2448 | ba68 a2de | 9d3a 0200 | 0048 8d92 | 6001 0000 | 4d85 c075 | 0cf6 0201 | 7547 f048 
  0x0000023a8961e85c: 830a 01eb 

  0x0000023a8961e860: ;   {metadata('java/lang/invoke/MemberName')}
  0x0000023a8961e860: 4048 bea8 | ff04 0001 | 0000 004c | 8bd6 4833 | 3248 f7c6 | fcff ffff | 7427 40f6 | c602 7521 
  0x0000023a8961e880: 48f7 02fe | ffff ff74 | 1549 8bf2 | 4833 3248 | f7c6 fcff | ffff 7409 | 4883 0a02 | eb03 4889 
  0x0000023a8961e8a0: ;   {metadata(method data for {method} {0x0000023a9d3de720} 'newInvokeSpecial' '(Ljava/lang/Object;)Ljava/lang/Object;' in 'java/lang/invoke/DirectMethodHandle$Holder')}
  0x0000023a8961e8a0: 3248 ba68 | a2de 9d3a | 0200 0048 | 8d92 b801 | 0000 4885 | c075 0ef6 | 4208 0175 | 4af0 4883 
  0x0000023a8961e8c0: 4a08 01eb | 428b 7008 | 48c1 e603 | 4c8b d648 | 3372 0848 | f7c6 fcff | ffff 742b | 40f6 c602 
  0x0000023a8961e8e0: 7525 48f7 | 4208 feff | ffff 7417 | 498b f248 | 3372 0848 | f7c6 fcff | ffff 740b | 4883 4a08 
  0x0000023a8961e900: 02eb 0448 | 8972 084d | 85c0 750c | f642 1801 | 7506 f048 | 834a 1801 

  0x0000023a8961e918: ;   {metadata(method data for {method} {0x0000023a9d3de720} 'newInvokeSpecial' '(Ljava/lang/Object;)Ljava/lang/Object;' in 'java/lang/invoke/DirectMethodHandle$Holder')}
  0x0000023a8961e918: 48ba 68a2 | de9d 3a02 | 0000 4883 | 82a8 0100 | 0001 488b | d048 8944 | 2438 0f1f 

  0x0000023a8961e934: ;   {static_call}
  0x0000023a8961e934: 4400 00e8 

  0x0000023a8961e938: ; ImmutableOopMap {[56]=Oop }
                      ;*invokestatic linkToSpecial {reexecute=0 rethrow=0 return_oop=0}
                      ; - java.lang.invoke.DirectMethodHandle$Holder::newInvokeSpecial@15
  0x0000023a8961e938: c474 6d07 

  0x0000023a8961e93c: ;   {other}
  0x0000023a8961e93c: 0f1f 8400 | 2c07 0001 | 488b 4424 | 3848 83c4 

  0x0000023a8961e94c: ;   {poll_return}
  0x0000023a8961e94c: 505d 493b | a750 0400 | 000f 8780 | 0000 00c3 

  0x0000023a8961e95c: ;   {metadata({method} {0x0000023a9d3de720} 'newInvokeSpecial' '(Ljava/lang/Object;)Ljava/lang/Object;' in 'java/lang/invoke/DirectMethodHandle$Holder')}
  0x0000023a8961e95c: 49ba 18e7 | 3d9d 3a02 | 0000 4c89 | 5424 0848 | c704 24ff 

  0x0000023a8961e970: ;   {runtime_call counter_overflow Runtime1 stub}
  0x0000023a8961e970: ffff ffe8 

  0x0000023a8961e974: ; ImmutableOopMap {rdx=Oop }
                      ;*synchronization entry
                      ; - java.lang.invoke.DirectMethodHandle$Holder::newInvokeSpecial@-1
  0x0000023a8961e974: 0818 2307 | e927 fbff 

  0x0000023a8961e97c: ;   {metadata({method} {0x0000023a9d093740} 'allocateInstance' '(Ljava/lang/Object;)Ljava/lang/Object;' in 'java/lang/invoke/DirectMethodHandle')}
  0x0000023a8961e97c: ff49 ba38 | 3709 9d3a | 0200 004c | 8954 2408 | 48c7 0424 | ffff ffff 

  0x0000023a8961e994: ;   {runtime_call counter_overflow Runtime1 stub}
  0x0000023a8961e994: e8e7 1723 

  0x0000023a8961e998: ; ImmutableOopMap {rdx=Oop }
                      ;*synchronization entry
                      ; - java.lang.invoke.DirectMethodHandle::allocateInstance@-1
                      ; - java.lang.invoke.DirectMethodHandle$Holder::newInvokeSpecial@1
  0x0000023a8961e998: 07e9 a8fb | ffff 4889 

  0x0000023a8961e9a0: ;   {runtime_call throw_class_cast_exception Runtime1 stub}
  0x0000023a8961e9a0: 1424 e879 

  0x0000023a8961e9a4: ; ImmutableOopMap {rdx=Oop }
                      ;*checkcast {reexecute=0 rethrow=0 return_oop=0}
                      ; - java.lang.invoke.DirectMethodHandle::allocateInstance@1
                      ; - java.lang.invoke.DirectMethodHandle$Holder::newInvokeSpecial@1
                      ;   {runtime_call throw_null_pointer_exception Runtime1 stub}
  0x0000023a8961e9a4: e122 07e8 

  0x0000023a8961e9a8: ; ImmutableOopMap {rdx=Oop }
                      ;*getfield instanceClass {reexecute=1 rethrow=0 return_oop=0}
                      ; - (reexecute) java.lang.invoke.DirectMethodHandle::allocateInstance@9
                      ; - java.lang.invoke.DirectMethodHandle$Holder::newInvokeSpecial@1
  0x0000023a8961e9a8: 74b5 2207 

  0x0000023a8961e9ac: ;   {metadata({method} {0x0000023a9d093680} 'constructorMethod' '(Ljava/lang/Object;)Ljava/lang/Object;' in 'java/lang/invoke/DirectMethodHandle')}
  0x0000023a8961e9ac: 49ba 7836 | 099d 3a02 | 0000 4c89 | 5424 0848 | c704 24ff 

  0x0000023a8961e9c0: ;   {runtime_call counter_overflow Runtime1 stub}
  0x0000023a8961e9c0: ffff ffe8 

  0x0000023a8961e9c4: ; ImmutableOopMap {rax=Oop r8=Oop }
                      ;*synchronization entry
                      ; - java.lang.invoke.DirectMethodHandle::constructorMethod@-1
                      ; - java.lang.invoke.DirectMethodHandle$Holder::newInvokeSpecial@6
  0x0000023a8961e9c4: b817 2307 | e994 fdff | ff4c 8904 

  0x0000023a8961e9d0: ;   {runtime_call throw_class_cast_exception Runtime1 stub}
  0x0000023a8961e9d0: 24e8 4ae1 

  0x0000023a8961e9d4: ; ImmutableOopMap {rax=Oop }
                      ;*checkcast {reexecute=0 rethrow=0 return_oop=0}
                      ; - java.lang.invoke.DirectMethodHandle::constructorMethod@1
                      ; - java.lang.invoke.DirectMethodHandle$Holder::newInvokeSpecial@6
                      ;   {runtime_call throw_null_pointer_exception Runtime1 stub}
  0x0000023a8961e9d4: 2207 e845 

  0x0000023a8961e9d8: ; ImmutableOopMap {rax=Oop }
                      ;*getfield initMethod {reexecute=1 rethrow=0 return_oop=0}
                      ; - (reexecute) java.lang.invoke.DirectMethodHandle::constructorMethod@6
                      ; - java.lang.invoke.DirectMethodHandle$Holder::newInvokeSpecial@6
                      ;   {internal_word}
  0x0000023a8961e9d8: b522 0749 | ba4e e961 | 893a 0200 | 004d 8997 | 6804 0000 

  0x0000023a8961e9ec: ;   {runtime_call SafepointBlob}
  0x0000023a8961e9ec: e98f 7118 | 0749 8b87 | 0005 0000 | 49c7 8700 | 0500 0000 | 0000 0049 | c787 0805 | 0000 0000 
  0x0000023a8961ea0c: 0000 4883 

  0x0000023a8961ea10: ;   {runtime_call unwind_exception Runtime1 stub}
  0x0000023a8961ea10: c450 5de9 | e8a5 2207 
[Stub Code]
  0x0000023a8961ea18: ;   {no_reloc}
  0x0000023a8961ea18: 48bb 0000 | 0000 0000 

  0x0000023a8961ea20: ;   {runtime_call nmethod}
  0x0000023a8961ea20: 0000 e9fb 

  0x0000023a8961ea24: ;   {static_stub}
  0x0000023a8961ea24: ffff ff48 | bb00 0000 | 0000 0000 

  0x0000023a8961ea30: ;   {runtime_call nmethod}
  0x0000023a8961ea30: 00e9 fbff 

  0x0000023a8961ea34: ;   {runtime_call handle_exception_from_callee Runtime1 stub}
  0x0000023a8961ea34: ffff e8c5 

  0x0000023a8961ea38: ;   {external_word}
  0x0000023a8961ea38: da22 0748 | b9d0 6133 | 2af9 7f00 | 0048 83e4 

  0x0000023a8961ea48: ;   {runtime_call}
  0x0000023a8961ea48: f048 b890 | db01 2af9 | 7f00 00ff 

  0x0000023a8961ea54: ;   {section_word}
  0x0000023a8961ea54: d0f4 49ba | 56ea 6189 | 3a02 0000 

  0x0000023a8961ea60: ;   {runtime_call DeoptimizationBlob}
  0x0000023a8961ea60: 4152 e9b9 

  0x0000023a8961ea64: ;   {section_word}
  0x0000023a8961ea64: 8518 0749 | ba67 ea61 | 893a 0200 

  0x0000023a8961ea70: ;   {runtime_call DeoptimizationBlob}
  0x0000023a8961ea70: 0041 52e9 | a885 1807 
[/MachCode]


Compiled method (c1) 9720 1847   !   3       jdk.internal.reflect.DirectConstructorHandleAccessor::newInstance (130 bytes)
 total in heap  [0x0000023a8955c490,0x0000023a89560058] = 15304
 relocation     [0x0000023a8955c5f0,0x0000023a8955c970] = 896
 main code      [0x0000023a8955c980,0x0000023a8955eb98] = 8728
 stub code      [0x0000023a8955eb98,0x0000023a8955ed08] = 368
 oops           [0x0000023a8955ed08,0x0000023a8955ed30] = 40
 metadata       [0x0000023a8955ed30,0x0000023a8955edb8] = 136
 scopes data    [0x0000023a8955edb8,0x0000023a8955f268] = 1200
 scopes pcs     [0x0000023a8955f268,0x0000023a8955f848] = 1504
 dependencies   [0x0000023a8955f848,0x0000023a8955f870] = 40
 handler table  [0x0000023a8955f870,0x0000023a8955ffc0] = 1872
 nul chk table  [0x0000023a8955ffc0,0x0000023a89560058] = 152

[Constant Pool (empty)]

[MachCode]
[Entry Point]
  # {method} {0x0000023a9d20e460} 'newInstance' '([Ljava/lang/Object;)Ljava/lang/Object;' in 'jdk/internal/reflect/DirectConstructorHandleAccessor'
  # this:     rdx:rdx   = 'jdk/internal/reflect/DirectConstructorHandleAccessor'
  # parm0:    r8:r8     = '[Ljava/lang/Object;'
  #           [sp+0x150]  (sp of caller)
  0x0000023a8955c980: 448b 5208 | 49c1 e203 

  0x0000023a8955c988: ;   {runtime_call ic_miss_stub}
  0x0000023a8955c988: 4c3b d00f | 85ef 1c24 | 0766 6666 | 0f1f 8400 | 0000 0000 | 6666 6690 
[Verified Entry Point]
  0x0000023a8955c9a0: 8984 2400 | 80ff ff55 | 4881 ec40 | 0100 0090 | 4181 7f20 | 0300 0000 

  0x0000023a8955c9b8: ;   {runtime_call StubRoutines (final stubs)}
  0x0000023a8955c9b8: 7405 e861 | 5c23 0748 | 8994 24a0 

  0x0000023a8955c9c4: ;   {metadata(method data for {method} {0x0000023a9d20e460} 'newInstance' '([Ljava/lang/Object;)Ljava/lang/Object;' in 'jdk/internal/reflect/DirectConstructorHandleAccessor')}
  0x0000023a8955c9c4: 0000 0049 | b9f0 d3d6 | 9d3a 0200 | 0041 8bb1 | cc00 0000 | 83c6 0241 | 89b1 cc00 | 0000 81e6 
  0x0000023a8955c9e4: fe07 0000 | 85f6 0f84 | 091c 0000 

  0x0000023a8955c9f0: ;   {metadata(method data for {method} {0x0000023a9d20e460} 'newInstance' '([Ljava/lang/Object;)Ljava/lang/Object;' in 'jdk/internal/reflect/DirectConstructorHandleAccessor')}
  0x0000023a8955c9f0: 4d85 c049 | b9f0 d3d6 | 9d3a 0200 | 0048 c7c6 | 1001 0000 | 7407 48c7 | c620 0100 | 0049 8b3c 
  0x0000023a8955ca10: 3148 8d7f | 0149 893c | 310f 8419 | 0000 0045 

  0x0000023a8955ca20: ;   {metadata(method data for {method} {0x0000023a9d20e460} 'newInstance' '([Ljava/lang/Object;)Ljava/lang/Object;' in 'jdk/internal/reflect/DirectConstructorHandleAccessor')}
  0x0000023a8955ca20: 8b48 0c48 | bef0 d3d6 | 9d3a 0200 | 00ff 8630 | 0100 00e9 | 0600 0000 | 41b9 0000 | 0000 8b72 
  0x0000023a8955ca40: 0c44 3bce 

  0x0000023a8955ca44: ;   {metadata(method data for {method} {0x0000023a9d20e460} 'newInstance' '([Ljava/lang/Object;)Ljava/lang/Object;' in 'jdk/internal/reflect/DirectConstructorHandleAccessor')}
  0x0000023a8955ca44: 48bf f0d3 | d69d 3a02 | 0000 48c7 | c358 0100 | 0075 0748 | c7c3 4801 | 0000 488b | 041f 488d 
  0x0000023a8955ca64: 4001 4889 | 041f 0f85 | 7116 0000 

  0x0000023a8955ca70: ;   {metadata(method data for {method} {0x0000023a9d20e460} 'newInstance' '([Ljava/lang/Object;)Ljava/lang/Object;' in 'jdk/internal/reflect/DirectConstructorHandleAccessor')}
  0x0000023a8955ca70: 4c8b ca48 | bff0 d3d6 | 9d3a 0200 

  0x0000023a8955ca7c: ;   {metadata('jdk/internal/reflect/DirectConstructorHandleAccessor')}
  0x0000023a8955ca7c: 0049 bad0 | 0607 0001 | 0000 004c | 8997 b002 | 0000 4883 | 87b8 0200 

  0x0000023a8955ca94: ;   {metadata(method data for {method} {0x0000023a9d20e678} 'invokeImpl' '([Ljava/lang/Object;)Ljava/lang/Object;' in 'jdk/internal/reflect/DirectConstructorHandleAccessor')}
  0x0000023a8955ca94: 0001 49b9 | 18d8 d69d | 3a02 0000 | 418b b9cc | 0000 0083 | c702 4189 | b9cc 0000 | 0081 e7fe 
  0x0000023a8955cab4: ff1f 0085 | ff0f 8460 

  0x0000023a8955cabc: ;   {metadata(method data for {method} {0x0000023a9d20e678} 'invokeImpl' '([Ljava/lang/Object;)Ljava/lang/Object;' in 'jdk/internal/reflect/DirectConstructorHandleAccessor')}
  0x0000023a8955cabc: 1b00 0049 | b918 d8d6 | 9d3a 0200 | 0048 c7c7 | 1801 0000 | 85f6 488b | df48 c7c7 | 2801 0000 
  0x0000023a8955cadc: 480f 45fb | 83fe 0148 | 8bdf 48c7 | c738 0100 | 0048 0f45 | fb83 fe02 | 488b df48 | c7c7 4801 
  0x0000023a8955cafc: 0000 480f | 45fb 83fe | 0348 8bdf | 48c7 c758 | 0100 0048 | 0f45 fb49 | 8b1c 3949 | c7c2 0100 
  0x0000023a8955cb1c: 0000 4903 | da49 891c | 3985 f60f | 843c 0d00 | 0083 fe01 | 0f84 3009 | 0000 83fe | 020f 84ca 
  0x0000023a8955cb3c: 0300 0083 | fe03 0f84 | 9301 0000 | 8b72 100f | 1f44 0000 

  0x0000023a8955cb50: ;   {oop(a 'java/lang/invoke/MethodType'{0x000000008089e8b0} = ([Ljava/lang/Object;)Ljava/lang/Object;)}
  0x0000023a8955cb50: 49b9 b0e8 | 8980 0000 | 0000 483b 

  0x0000023a8955cb5c: ;   {metadata(method data for {method} {0x0000023a9d20e678} 'invokeImpl' '([Ljava/lang/Object;)Ljava/lang/Object;' in 'jdk/internal/reflect/DirectConstructorHandleAccessor')}
  0x0000023a8955cb5c: 0648 bf18 | d8d6 9d3a | 0200 0048 | 8dbf 7803 | 0000 4d85 | c075 0ef6 | 4708 0175 | 4af0 4883 
  0x0000023a8955cb7c: 4f08 01eb | 4241 8b58 | 0848 c1e3 | 034c 8bd3 | 4833 5f08 | 48f7 c3fc | ffff ff74 | 2af6 c302 
  0x0000023a8955cb9c: 7525 48f7 | 4708 feff | ffff 7417 | 498b da48 | 335f 0848 | f7c3 fcff | ffff 740b | 4883 4f08 
  0x0000023a8955cbbc: 02eb 0448 | 895f 0848 

  0x0000023a8955cbc4: ;   {metadata(method data for {method} {0x0000023a9d20e678} 'invokeImpl' '([Ljava/lang/Object;)Ljava/lang/Object;' in 'jdk/internal/reflect/DirectConstructorHandleAccessor')}
  0x0000023a8955cbc4: 8bfe 48bb | 18d8 d69d | 3a02 0000 | 8b7f 0848 | c1e7 0348 | 3bbb 5003 | 0000 750d | 4883 8358 
  0x0000023a8955cbe4: 0300 0001 | e960 0000 | 0048 3bbb | 6003 0000 | 750d 4883 | 8368 0300 | 0001 e94a | 0000 0048 
  0x0000023a8955cc04: 83bb 5003 | 0000 0075 | 1748 89bb | 5003 0000 | 48c7 8358 | 0300 0001 | 0000 00e9 | 2900 0000 
  0x0000023a8955cc24: 4883 bb60 | 0300 0000 | 7517 4889 | bb60 0300 | 0048 c783 | 6803 0000 | 0100 0000 | e908 0000 
  0x0000023a8955cc44: 0048 8383 | 4003 0000 | 0148 8bd6 | 0f1f 8000 

  0x0000023a8955cc54: ;   {optimized virtual_call}
  0x0000023a8955cc54: 0000 00e8 

  0x0000023a8955cc58: ; ImmutableOopMap {[160]=Oop }
                      ;*invokevirtual invokeExact {reexecute=0 rethrow=0 return_oop=0}
                      ; - jdk.internal.reflect.DirectConstructorHandleAccessor::invokeImpl@99
                      ; - jdk.internal.reflect.DirectConstructorHandleAccessor::newInstance@60
  0x0000023a8955cc58: 44a4 fbff 

  0x0000023a8955cc5c: ;   {other}
  0x0000023a8955cc5c: 0f1f 8400 | cc07 0000 

  0x0000023a8955cc64: ;   {metadata(method data for {method} {0x0000023a9d20e678} 'invokeImpl' '([Ljava/lang/Object;)Ljava/lang/Object;' in 'jdk/internal/reflect/DirectConstructorHandleAccessor')}
  0x0000023a8955cc64: 49b8 18d8 | d69d 3a02 | 0000 4d8d | 8088 0300 | 0048 85c0 | 750d 41f6 | 0001 7545 | f049 8308 
  0x0000023a8955cc84: 01eb 3e44 | 8b48 0849 | c1e1 034d | 8bd1 4d33 | 0849 f7c1 | fcff ffff | 7427 41f6 | c102 7521 
  0x0000023a8955cca4: 49f7 00fe | ffff ff74 | 154d 8bca | 4d33 0849 | f7c1 fcff | ffff 7409 | 4983 0802 | eb03 4d89 
  0x0000023a8955ccc4: 0848 81c4 | 4001 0000 

  0x0000023a8955cccc: ;   {poll_return}
  0x0000023a8955cccc: 5d49 3ba7 | 5004 0000 | 0f87 8419 | 0000 c38b | 5a10 4183 | 780c 000f | 8695 1900 | 0045 8b48 
  0x0000023a8955ccec: 1041 8378 | 0c01 0f86 | 9819 0000 | 418b 7814 | 4183 780c | 020f 869b | 1900 0041 | 8b70 180f 
  0x0000023a8955cd0c: 1f44 0000 

  0x0000023a8955cd10: ;   {no_reloc}
  0x0000023a8955cd10: e9ae 1900 | 0090 9090 | 9090 483b 

  0x0000023a8955cd1c: ;   {metadata(method data for {method} {0x0000023a9d20e678} 'invokeImpl' '([Ljava/lang/Object;)Ljava/lang/Object;' in 'jdk/internal/reflect/DirectConstructorHandleAccessor')}
  0x0000023a8955cd1c: 0349 b818 | d8d6 9d3a | 0200 004d | 8d80 f802 | 0000 4d85 | c975 0f41 | f640 0801 | 754a f049 
  0x0000023a8955cd3c: 8348 0801 | eb42 418b | 4908 48c1 | e103 4c8b | d149 3348 | 0848 f7c1 | fcff ffff | 742a f6c1 
  0x0000023a8955cd5c: 0275 2549 | f740 08fe | ffff ff74 | 1749 8bca | 4933 4808 | 48f7 c1fc | ffff ff74 | 0b49 8348 
  0x0000023a8955cd7c: 0802 eb04 | 4989 4808 | 4885 ff75 | 0f41 f640 | 1801 7549 | f049 8348 | 1801 eb41 | 8b4f 0848 
  0x0000023a8955cd9c: c1e1 034c | 8bd1 4933 | 4818 48f7 | c1fc ffff | ff74 2af6 | c102 7525 | 49f7 4018 | feff ffff 
  0x0000023a8955cdbc: 7417 498b | ca49 3348 | 1848 f7c1 | fcff ffff | 740b 4983 | 4818 02eb | 0449 8948 | 184c 8bc3 
  0x0000023a8955cddc: ;   {metadata(method data for {method} {0x0000023a9d20e678} 'invokeImpl' '([Ljava/lang/Object;)Ljava/lang/Object;' in 'jdk/internal/reflect/DirectConstructorHandleAccessor')}
  0x0000023a8955cddc: 48b9 18d8 | d69d 3a02 | 0000 458b | 4008 49c1 | e003 4c3b | 81d0 0200 | 0075 0d48 | 8381 d802 
  0x0000023a8955cdfc: 0000 01e9 | 6000 0000 | 4c3b 81e0 | 0200 0075 | 0d48 8381 | e802 0000 | 01e9 4a00 | 0000 4883 
  0x0000023a8955ce1c: b9d0 0200 | 0000 7517 | 4c89 81d0 | 0200 0048 | c781 d802 | 0000 0100 | 0000 e929 | 0000 0048 
  0x0000023a8955ce3c: 83b9 e002 | 0000 0075 | 174c 8981 | e002 0000 | 48c7 81e8 | 0200 0001 | 0000 00e9 | 0800 0000 
  0x0000023a8955ce5c: 4883 81c0 | 0200 0001 | 4d8b c14c | 8bcf 488b | fe48 8bf0 | 488b d30f 

  0x0000023a8955ce74: ;   {optimized virtual_call}
  0x0000023a8955ce74: 1f40 00e8 

  0x0000023a8955ce78: ; ImmutableOopMap {[160]=Oop }
                      ;*invokevirtual invokeExact {reexecute=0 rethrow=0 return_oop=0}
                      ; - jdk.internal.reflect.DirectConstructorHandleAccessor::invokeImpl@88
                      ; - jdk.internal.reflect.DirectConstructorHandleAccessor::newInstance@60
  0x0000023a8955ce78: 041d 2407 

  0x0000023a8955ce7c: ;   {other}
  0x0000023a8955ce7c: 0f1f 8400 | ec09 0001 

  0x0000023a8955ce84: ;   {metadata(method data for {method} {0x0000023a9d20e678} 'invokeImpl' '([Ljava/lang/Object;)Ljava/lang/Object;' in 'jdk/internal/reflect/DirectConstructorHandleAccessor')}
  0x0000023a8955ce84: 48ba 18d8 | d69d 3a02 | 0000 488d | 9218 0300 | 0048 85c0 | 750c f602 | 0175 44f0 | 4883 0a01 
  0x0000023a8955cea4: eb3d 8b70 | 0848 c1e6 | 034c 8bd6 | 4833 3248 | f7c6 fcff | ffff 7427 | 40f6 c602 | 7521 48f7 
  0x0000023a8955cec4: 02fe ffff | ff74 1549 | 8bf2 4833 | 3248 f7c6 | fcff ffff | 7409 4883 | 0a02 eb03 

  0x0000023a8955cee0: ;   {metadata(method data for {method} {0x0000023a9d20e678} 'invokeImpl' '([Ljava/lang/Object;)Ljava/lang/Object;' in 'jdk/internal/reflect/DirectConstructorHandleAccessor')}
  0x0000023a8955cee0: 4889 3248 | ba18 d8d6 | 9d3a 0200 | 00ff 8228 | 0300 0048 | 81c4 4001 

  0x0000023a8955cef8: ;   {poll_return}
  0x0000023a8955cef8: 0000 5d49 | 3ba7 5004 | 0000 0f87 | ca17 0000 | c38b 7210 | 4889 b424 | b800 0000 

  0x0000023a8955cf14: ; implicit exception: dispatches to 0x0000023a8955e6e8
  0x0000023a8955cf14: 4183 780c | 000f 86d3 | 1700 0041 | 8b78 1048 | 89bc 24a8 | 0000 0041 | 8378 0c01 | 0f86 ce17 
  0x0000023a8955cf34: 0000 418b | 5814 4889 | 9c24 b000 

  0x0000023a8955cf40: ;   {metadata(method data for {method} {0x0000023a9d20e678} 'invokeImpl' '([Ljava/lang/Object;)Ljava/lang/Object;' in 'jdk/internal/reflect/DirectConstructorHandleAccessor')}
  0x0000023a8955cf40: 0000 48b8 | 18d8 d69d | 3a02 0000 | 488d 8078 | 0200 0048 | 85ff 750e | f640 0801 | 7549 f048 
  0x0000023a8955cf60: 8348 0801 | eb41 8b4f | 0848 c1e1 | 034c 8bd1 | 4833 4808 | 48f7 c1fc | ffff ff74 | 2af6 c102 
  0x0000023a8955cf80: 7525 48f7 | 4008 feff | ffff 7417 | 498b ca48 | 3348 0848 | f7c1 fcff | ffff 740b | 4883 4808 
  0x0000023a8955cfa0: 02eb 0448 

  0x0000023a8955cfa4: ;   {metadata(method data for {method} {0x0000023a9d435b60} 'invokeExact_MT' '(Ljava/lang/Object;Ljava/lang/Object;Ljava/lang/Object;Ljava/lang/Object;)Ljava/lang/Object;' in 'java/lang/invoke/Invokers$Holder')}
  0x0000023a8955cfa4: 8948 0848 | b888 f2d1 | 9d3a 0200 | 0048 8d80 | b802 0000 | 4885 f675 | 0cf6 0001 | 7526 f048 
  0x0000023a8955cfc4: 8308 01eb | 1f8b 4e08 | 48c1 e103 | 4c8b d148 | 3308 48f7 | c1fc ffff | ff74 09f6 | c102 7504 
  0x0000023a8955cfe4: 4883 0802 | 4885 ff75 | 0ef6 4010 | 0175 29f0 | 4883 4810 | 01eb 218b | 4f08 48c1 | e103 4c8b 
  0x0000023a8955d004: d148 3348 | 1048 f7c1 | fcff ffff | 740a f6c1 | 0275 0548 | 8348 1002 

  0x0000023a8955d01c: ;   {metadata(method data for {method} {0x0000023a9d20e678} 'invokeImpl' '([Ljava/lang/Object;)Ljava/lang/Object;' in 'jdk/internal/reflect/DirectConstructorHandleAccessor')}
  0x0000023a8955d01c: 48b8 18d8 | d69d 3a02 | 0000 4883 | 8040 0200 

  0x0000023a8955d02c: ;   {metadata(method data for {method} {0x0000023a9d435b60} 'invokeExact_MT' '(Ljava/lang/Object;Ljava/lang/Object;Ljava/lang/Object;Ljava/lang/Object;)Ljava/lang/Object;' in 'java/lang/invoke/Invokers$Holder')}
  0x0000023a8955d02c: 0001 48b8 | 88f2 d19d | 3a02 0000 | 8b88 cc00 | 0000 83c1 | 0289 88cc | 0000 0081 | e1fe ff1f 
  0x0000023a8955d04c: 0085 c90f | 84c1 1600 

  0x0000023a8955d054: ;   {metadata(method data for {method} {0x0000023a9d435b60} 'invokeExact_MT' '(Ljava/lang/Object;Ljava/lang/Object;Ljava/lang/Object;Ljava/lang/Object;)Ljava/lang/Object;' in 'java/lang/invoke/Invokers$Holder')}
  0x0000023a8955d054: 0048 b888 | f2d1 9d3a | 0200 0048 | 8d80 9001 | 0000 4885 | f675 0ef6 | 4008 0175 | 29f0 4883 
  0x0000023a8955d074: 4808 01eb | 218b 4e08 | 48c1 e103 | 4c8b d148 | 3348 0848 | f7c1 fcff | ffff 740a | f6c1 0275 
  0x0000023a8955d094: 0548 8348 

  0x0000023a8955d098: ;   {oop(a 'java/lang/invoke/MethodType'{0x0000000080001c08} = (Ljava/lang/Object;Ljava/lang/Object;)Ljava/lang/Object;)}
  0x0000023a8955d098: 0802 48b9 | 081c 0080 | 0000 0000 | 4885 c975 | 0cf6 4018 | 0175 06f0 | 4883 4818 

  0x0000023a8955d0b4: ;   {metadata(method data for {method} {0x0000023a9d435b60} 'invokeExact_MT' '(Ljava/lang/Object;Ljava/lang/Object;Ljava/lang/Object;Ljava/lang/Object;)Ljava/lang/Object;' in 'java/lang/invoke/Invokers$Holder')}
  0x0000023a8955d0b4: 0148 b888 | f2d1 9d3a | 0200 0048 | 8380 8001 

  0x0000023a8955d0c4: ;   {metadata(method data for {method} {0x0000023a9d3ee710} 'checkExactType' '(Ljava/lang/invoke/MethodHandle;Ljava/lang/invoke/MethodType;)V' in 'java/lang/invoke/Invokers')}
  0x0000023a8955d0c4: 0000 0148 | b8f0 97bc | 9d3a 0200 | 0044 8b80 | cc00 0000 | 4183 c002 | 4489 80cc | 0000 0041 
  0x0000023a8955d0e4: 81e0 feff | 1f00 4585 | c00f 8444 | 1600 0048 | 3b06 488b 

  0x0000023a8955d0f8: ;   {metadata(method data for {method} {0x0000023a9d3ee710} 'checkExactType' '(Ljava/lang/invoke/MethodHandle;Ljava/lang/invoke/MethodType;)V' in 'java/lang/invoke/Invokers')}
  0x0000023a8955d0f8: c649 b8f0 | 97bc 9d3a | 0200 008b | 4008 48c1 | e003 493b | 8020 0100 | 0075 0d49 | 8380 2801 
  0x0000023a8955d118: 0000 01e9 | 6000 0000 | 493b 8030 | 0100 0075 | 0d49 8380 | 3801 0000 | 01e9 4a00 | 0000 4983 
  0x0000023a8955d138: b820 0100 | 0000 7517 | 4989 8020 | 0100 0049 | c780 2801 | 0000 0100 | 0000 e929 | 0000 0049 
  0x0000023a8955d158: 83b8 3001 | 0000 0075 | 1749 8980 | 3001 0000 | 49c7 8038 | 0100 0001 | 0000 00e9 | 0800 0000 
  0x0000023a8955d178: 4983 8010 | 0100 0001 | 8b46 1048 

  0x0000023a8955d184: ;   {metadata(method data for {method} {0x0000023a9d3ee710} 'checkExactType' '(Ljava/lang/invoke/MethodHandle;Ljava/lang/invoke/MethodType;)V' in 'java/lang/invoke/Invokers')}
  0x0000023a8955d184: 3bc1 48b9 | f097 bc9d | 3a02 0000 | 49c7 c058 | 0100 0075 | 0749 c7c0 | 4801 0000 | 4e8b 0c01 
  0x0000023a8955d1a4: 4d8d 4901 | 4e89 0c01 | 0f85 0d0b 

  0x0000023a8955d1b0: ;   {metadata(method data for {method} {0x0000023a9d435b60} 'invokeExact_MT' '(Ljava/lang/Object;Ljava/lang/Object;Ljava/lang/Object;Ljava/lang/Object;)Ljava/lang/Object;' in 'java/lang/invoke/Invokers$Holder')}
  0x0000023a8955d1b0: 0000 48b8 | 88f2 d19d | 3a02 0000 | 488d 80c8 | 0100 008b | 4e08 48c1 | e103 4c8b | d148 3348 
  0x0000023a8955d1d0: 0848 f7c1 | fcff ffff | 740a f6c1 | 0275 0548 | 8348 0802 

  0x0000023a8955d1e4: ;   {metadata(method data for {method} {0x0000023a9d435b60} 'invokeExact_MT' '(Ljava/lang/Object;Ljava/lang/Object;Ljava/lang/Object;Ljava/lang/Object;)Ljava/lang/Object;' in 'java/lang/invoke/Invokers$Holder')}
  0x0000023a8955d1e4: 48b8 88f2 | d19d 3a02 | 0000 4883 | 80b8 0100 

  0x0000023a8955d1f4: ;   {metadata(method data for {method} {0x0000023a9d3eee68} 'checkCustomized' '(Ljava/lang/invoke/MethodHandle;)V' in 'java/lang/invoke/Invokers')}
  0x0000023a8955d1f4: 0001 48b8 | 30ba bc9d | 3a02 0000 | 8b88 cc00 | 0000 83c1 | 0289 88cc | 0000 0081 | e1fe ff1f 
  0x0000023a8955d214: 0085 c90f | 8440 1500 

  0x0000023a8955d21c: ;   {metadata(method data for {method} {0x0000023a9d3eee68} 'checkCustomized' '(Ljava/lang/invoke/MethodHandle;)V' in 'java/lang/invoke/Invokers')}
  0x0000023a8955d21c: 0048 b830 | babc 9d3a | 0200 0048 | 8380 1001 

  0x0000023a8955d22c: ;   {metadata(method data for {method} {0x0000023a9d3bf4c8} 'isCompileConstant' '(Ljava/lang/Object;)Z' in 'java/lang/invoke/MethodHandleImpl')}
  0x0000023a8955d22c: 0000 0148 | b8e0 bbbc | 9d3a 0200 | 008b 88cc | 0000 0083 | c102 8988 | cc00 0000 | 81e1 feff 
  0x0000023a8955d24c: 1f00 85c9 | 0f84 2815 

  0x0000023a8955d254: ;   {metadata(method data for {method} {0x0000023a9d3eee68} 'checkCustomized' '(Ljava/lang/invoke/MethodHandle;)V' in 'java/lang/invoke/Invokers')}
  0x0000023a8955d254: 0000 48b8 | 30ba bc9d | 3a02 0000 | ff80 2001 | 0000 8b46 | 148b 401c 

  0x0000023a8955d26c: ;   {metadata(method data for {method} {0x0000023a9d3eee68} 'checkCustomized' '(Ljava/lang/invoke/MethodHandle;)V' in 'java/lang/invoke/Invokers')}
  0x0000023a8955d26c: 4885 c048 | b830 babc | 9d3a 0200 | 0048 c7c1 | 4001 0000 | 7507 48c7 | c150 0100 | 004c 8b04 
  0x0000023a8955d28c: 084d 8d40 | 014c 8904 | 080f 8529 

  0x0000023a8955d298: ;   {metadata(method data for {method} {0x0000023a9d3eee68} 'checkCustomized' '(Ljava/lang/invoke/MethodHandle;)V' in 'java/lang/invoke/Invokers')}
  0x0000023a8955d298: 0000 0048 | b830 babc | 9d3a 0200 | 0048 8380 | 6001 0000 | 0148 8bd6 | 0f1f 8000 

  0x0000023a8955d2b4: ;   {static_call}
  0x0000023a8955d2b4: 0000 00e8 

  0x0000023a8955d2b8: ; ImmutableOopMap {[160]=Oop [168]=Oop [176]=Oop [184]=Oop }
                      ;*invokestatic maybeCustomize {reexecute=0 rethrow=0 return_oop=0}
                      ; - java.lang.invoke.Invokers::checkCustomized@19
                      ; - java.lang.invoke.Invokers$Holder::invokeExact_MT@14
                      ; - jdk.internal.reflect.DirectConstructorHandleAccessor::invokeImpl@69
                      ; - jdk.internal.reflect.DirectConstructorHandleAccessor::newInstance@60
  0x0000023a8955d2b8: c422 2407 

  0x0000023a8955d2bc: ;   {other}
  0x0000023a8955d2bc: 0f1f 8400 | 2c0e 0002 | 488b 9c24 | b000 0000 | 488b bc24 | a800 0000 

  0x0000023a8955d2d4: ;   {metadata(method data for {method} {0x0000023a9d435b60} 'invokeExact_MT' '(Ljava/lang/Object;Ljava/lang/Object;Ljava/lang/Object;Ljava/lang/Object;)Ljava/lang/Object;' in 'java/lang/invoke/Invokers$Holder')}
  0x0000023a8955d2d4: 49b8 88f2 | d19d 3a02 | 0000 4d8d | 8018 0200 | 0048 85ff | 750f 41f6 | 4008 0175 | 2bf0 4983 
  0x0000023a8955d2f4: 4808 01eb | 2344 8b4f | 0849 c1e1 | 034d 8bd1 | 4d33 4808 | 49f7 c1fc | ffff ff74 | 0b41 f6c1 
  0x0000023a8955d314: 0275 0549 | 8348 0802 | 4885 db75 | 0f41 f640 | 1801 752b | f049 8348 | 1801 eb23 | 448b 4b08 
  0x0000023a8955d334: 49c1 e103 | 4d8b d14d | 3348 1849 | f7c1 fcff | ffff 740b | 41f6 c102 | 7505 4983 | 4818 0248 
  0x0000023a8955d354: 8bb4 24b8 

  0x0000023a8955d358: ;   {metadata(method data for {method} {0x0000023a9d435b60} 'invokeExact_MT' '(Ljava/lang/Object;Ljava/lang/Object;Ljava/lang/Object;Ljava/lang/Object;)Ljava/lang/Object;' in 'java/lang/invoke/Invokers$Holder')}
  0x0000023a8955d358: 0000 0049 | b888 f2d1 | 9d3a 0200 | 0049 8380 | e001 0000 | 014c 8bc7 | 4c8b cb48 | 8b94 24b8 
  0x0000023a8955d378: 0000 000f 

  0x0000023a8955d37c: ;   {optimized virtual_call}
  0x0000023a8955d37c: 1f40 00e8 

  0x0000023a8955d380: ; ImmutableOopMap {[160]=Oop }
                      ;*invokevirtual invokeBasic {reexecute=0 rethrow=0 return_oop=0}
                      ; - java.lang.invoke.Invokers$Holder::invokeExact_MT@20
                      ; - jdk.internal.reflect.DirectConstructorHandleAccessor::invokeImpl@69
                      ; - jdk.internal.reflect.DirectConstructorHandleAccessor::newInstance@60
  0x0000023a8955d380: fc17 2407 

  0x0000023a8955d384: ;   {other}
  0x0000023a8955d384: 0f1f 8400 | f40e 0003 

  0x0000023a8955d38c: ;   {metadata(method data for {method} {0x0000023a9d435b60} 'invokeExact_MT' '(Ljava/lang/Object;Ljava/lang/Object;Ljava/lang/Object;Ljava/lang/Object;)Ljava/lang/Object;' in 'java/lang/invoke/Invokers$Holder')}
  0x0000023a8955d38c: 48ba 88f2 | d19d 3a02 | 0000 488d | 9238 0200 | 0048 85c0 | 7502 eb3d | 8b70 0848 | c1e6 034c 
  0x0000023a8955d3ac: 8bd6 4833 | 3248 f7c6 | fcff ffff | 7427 40f6 | c602 7521 | 48f7 02fe | ffff ff74 | 1549 8bf2 
  0x0000023a8955d3cc: 4833 3248 | f7c6 fcff | ffff 7409 | 4883 0a02 | eb03 4889 

  0x0000023a8955d3e0: ;   {metadata(method data for {method} {0x0000023a9d20e678} 'invokeImpl' '([Ljava/lang/Object;)Ljava/lang/Object;' in 'jdk/internal/reflect/DirectConstructorHandleAccessor')}
  0x0000023a8955d3e0: 3248 ba18 | d8d6 9d3a | 0200 0048 | 8d92 9802 | 0000 4885 | c075 0cf6 | 0201 7544 | f048 830a 
  0x0000023a8955d400: 01eb 3d8b | 7008 48c1 | e603 4c8b | d648 3332 | 48f7 c6fc | ffff ff74 | 2740 f6c6 | 0275 2148 
  0x0000023a8955d420: f702 feff | ffff 7415 | 498b f248 | 3332 48f7 | c6fc ffff | ff74 0948 | 830a 02eb | 0348 8932 
  0x0000023a8955d440: ;   {metadata(method data for {method} {0x0000023a9d20e678} 'invokeImpl' '([Ljava/lang/Object;)Ljava/lang/Object;' in 'jdk/internal/reflect/DirectConstructorHandleAccessor')}
  0x0000023a8955d440: 48ba 18d8 | d69d 3a02 | 0000 ff82 | a802 0000 | 4881 c440 | 0100 005d 

  0x0000023a8955d458: ;   {poll_return}
  0x0000023a8955d458: 493b a750 | 0400 000f | 873f 1300 | 00c3 8b72 | 1048 89b4 | 24c8 0000 | 0041 8378 | 0c00 0f86 
  0x0000023a8955d478: 4813 0000 | 418b 7810 | 4889 bc24 | c000 0000 

  0x0000023a8955d488: ;   {metadata(method data for {method} {0x0000023a9d20e678} 'invokeImpl' '([Ljava/lang/Object;)Ljava/lang/Object;' in 'jdk/internal/reflect/DirectConstructorHandleAccessor')}
  0x0000023a8955d488: 48bb 18d8 | d69d 3a02 | 0000 488d | 9b08 0200 | 0048 85ff | 750e f643 | 0801 7546 | f048 834b 
  0x0000023a8955d4a8: 0801 eb3e | 8b47 0848 | c1e0 034c | 8bd0 4833 | 4308 48a9 | fcff ffff | 7428 a802 | 7524 48f7 
  0x0000023a8955d4c8: 4308 feff | ffff 7416 | 498b c248 | 3343 0848 | a9fc ffff | ff74 0b48 | 834b 0802 | eb04 4889 
  0x0000023a8955d4e8: ;   {metadata(method data for {method} {0x0000023a9d4357c8} 'invokeExact_MT' '(Ljava/lang/Object;Ljava/lang/Object;Ljava/lang/Object;)Ljava/lang/Object;' in 'java/lang/invoke/Invokers$Holder')}
  0x0000023a8955d4e8: 4308 48bb | 30e2 d19d | 3a02 0000 | 488d 9ba0 | 0200 0048 | 85f6 750a | f603 0175 | 05f0 4883 
  0x0000023a8955d508: 0b01 4885 | ff75 0cf6 | 4310 0175 | 06f0 4883 

  0x0000023a8955d518: ;   {metadata(method data for {method} {0x0000023a9d20e678} 'invokeImpl' '([Ljava/lang/Object;)Ljava/lang/Object;' in 'jdk/internal/reflect/DirectConstructorHandleAccessor')}
  0x0000023a8955d518: 4b10 0148 | bb18 d8d6 | 9d3a 0200 | 0048 8383 | d001 0000 

  0x0000023a8955d52c: ;   {metadata(method data for {method} {0x0000023a9d4357c8} 'invokeExact_MT' '(Ljava/lang/Object;Ljava/lang/Object;Ljava/lang/Object;)Ljava/lang/Object;' in 'java/lang/invoke/Invokers$Holder')}
  0x0000023a8955d52c: 0148 bb30 | e2d1 9d3a | 0200 008b | 83cc 0000 | 0083 c002 | 8983 cc00 | 0000 25fe | ff1f 0085 
  0x0000023a8955d54c: c00f 8483 

  0x0000023a8955d550: ;   {metadata(method data for {method} {0x0000023a9d4357c8} 'invokeExact_MT' '(Ljava/lang/Object;Ljava/lang/Object;Ljava/lang/Object;)Ljava/lang/Object;' in 'java/lang/invoke/Invokers$Holder')}
  0x0000023a8955d550: 1200 0048 | bb30 e2d1 | 9d3a 0200 | 0048 8d9b | 9001 0000 | 4885 f675 | 0cf6 4308 | 0175 06f0 
  0x0000023a8955d570: 4883 4b08 

  0x0000023a8955d574: ;   {oop(a 'java/lang/invoke/MethodType'{0x0000000080001c30} = (Ljava/lang/Object;)Ljava/lang/Object;)}
  0x0000023a8955d574: 0148 b830 | 1c00 8000 | 0000 0048 | 85c0 750c | f643 1801 | 7506 f048 | 834b 1801 

  0x0000023a8955d590: ;   {metadata(method data for {method} {0x0000023a9d4357c8} 'invokeExact_MT' '(Ljava/lang/Object;Ljava/lang/Object;Ljava/lang/Object;)Ljava/lang/Object;' in 'java/lang/invoke/Invokers$Holder')}
  0x0000023a8955d590: 48bb 30e2 | d19d 3a02 | 0000 4883 | 8380 0100 

  0x0000023a8955d5a0: ;   {metadata(method data for {method} {0x0000023a9d3ee710} 'checkExactType' '(Ljava/lang/invoke/MethodHandle;Ljava/lang/invoke/MethodType;)V' in 'java/lang/invoke/Invokers')}
  0x0000023a8955d5a0: 0001 48bb | f097 bc9d | 3a02 0000 | 8b8b cc00 | 0000 83c1 | 0289 8bcc | 0000 0081 | e1fe ff1f 
  0x0000023a8955d5c0: 0085 c90f | 842e 1200 | 0048 3b06 

  0x0000023a8955d5cc: ;   {metadata(method data for {method} {0x0000023a9d3ee710} 'checkExactType' '(Ljava/lang/invoke/MethodHandle;Ljava/lang/invoke/MethodType;)V' in 'java/lang/invoke/Invokers')}
  0x0000023a8955d5cc: 488b de48 | b9f0 97bc | 9d3a 0200 | 008b 5b08 | 48c1 e303 | 483b 9920 | 0100 0075 | 0d48 8381 
  0x0000023a8955d5ec: 2801 0000 | 01e9 6000 | 0000 483b | 9930 0100 | 0075 0d48 | 8381 3801 | 0000 01e9 | 4a00 0000 
  0x0000023a8955d60c: 4883 b920 | 0100 0000 | 7517 4889 | 9920 0100 | 0048 c781 | 2801 0000 | 0100 0000 | e929 0000 
  0x0000023a8955d62c: 0048 83b9 | 3001 0000 | 0075 1748 | 8999 3001 | 0000 48c7 | 8138 0100 | 0001 0000 | 00e9 0800 
  0x0000023a8955d64c: 0000 4883 | 8110 0100 | 0001 8b5e | 1048 3bd8 

  0x0000023a8955d65c: ;   {metadata(method data for {method} {0x0000023a9d3ee710} 'checkExactType' '(Ljava/lang/invoke/MethodHandle;Ljava/lang/invoke/MethodType;)V' in 'java/lang/invoke/Invokers')}
  0x0000023a8955d65c: 48b8 f097 | bc9d 3a02 | 0000 48c7 | c158 0100 | 0075 0748 | c7c1 4801 | 0000 4c8b | 0408 4d8d 
  0x0000023a8955d67c: 4001 4c89 | 0408 0f85 | f705 0000 

  0x0000023a8955d688: ;   {metadata(method data for {method} {0x0000023a9d4357c8} 'invokeExact_MT' '(Ljava/lang/Object;Ljava/lang/Object;Ljava/lang/Object;)Ljava/lang/Object;' in 'java/lang/invoke/Invokers$Holder')}
  0x0000023a8955d688: 48bb 30e2 | d19d 3a02 | 0000 4883 | 83b8 0100 

  0x0000023a8955d698: ;   {metadata(method data for {method} {0x0000023a9d3eee68} 'checkCustomized' '(Ljava/lang/invoke/MethodHandle;)V' in 'java/lang/invoke/Invokers')}
  0x0000023a8955d698: 0001 48bb | 30ba bc9d | 3a02 0000 | 8b83 cc00 | 0000 83c0 | 0289 83cc | 0000 0025 | feff 1f00 
  0x0000023a8955d6b8: 85c0 0f84 | 5d11 0000 

  0x0000023a8955d6c0: ;   {metadata(method data for {method} {0x0000023a9d3eee68} 'checkCustomized' '(Ljava/lang/invoke/MethodHandle;)V' in 'java/lang/invoke/Invokers')}
  0x0000023a8955d6c0: 48bb 30ba | bc9d 3a02 | 0000 4883 | 8310 0100 

  0x0000023a8955d6d0: ;   {metadata(method data for {method} {0x0000023a9d3bf4c8} 'isCompileConstant' '(Ljava/lang/Object;)Z' in 'java/lang/invoke/MethodHandleImpl')}
  0x0000023a8955d6d0: 0001 48bb | e0bb bc9d | 3a02 0000 | 8b83 cc00 | 0000 83c0 | 0289 83cc | 0000 0025 | feff 1f00 
  0x0000023a8955d6f0: 85c0 0f84 | 4611 0000 

  0x0000023a8955d6f8: ;   {metadata(method data for {method} {0x0000023a9d3eee68} 'checkCustomized' '(Ljava/lang/invoke/MethodHandle;)V' in 'java/lang/invoke/Invokers')}
  0x0000023a8955d6f8: 48bb 30ba | bc9d 3a02 | 0000 ff83 | 2001 0000 | 8b5e 148b | 5b1c 4885 

  0x0000023a8955d710: ;   {metadata(method data for {method} {0x0000023a9d3eee68} 'checkCustomized' '(Ljava/lang/invoke/MethodHandle;)V' in 'java/lang/invoke/Invokers')}
  0x0000023a8955d710: db48 bb30 | babc 9d3a | 0200 0048 | c7c0 4001 | 0000 7507 | 48c7 c050 | 0100 0048 | 8b0c 0348 
  0x0000023a8955d730: 8d49 0148 | 890c 030f | 8527 0000 

  0x0000023a8955d73c: ;   {metadata(method data for {method} {0x0000023a9d3eee68} 'checkCustomized' '(Ljava/lang/invoke/MethodHandle;)V' in 'java/lang/invoke/Invokers')}
  0x0000023a8955d73c: 0048 bb30 | babc 9d3a | 0200 0048 | 8383 6001 | 0000 0148 | 8bd6 0f1f 

  0x0000023a8955d754: ;   {static_call}
  0x0000023a8955d754: 4400 00e8 

  0x0000023a8955d758: ; ImmutableOopMap {[160]=Oop [192]=Oop [200]=Oop }
                      ;*invokestatic maybeCustomize {reexecute=0 rethrow=0 return_oop=0}
                      ; - java.lang.invoke.Invokers::checkCustomized@19
                      ; - java.lang.invoke.Invokers$Holder::invokeExact_MT@14
                      ; - jdk.internal.reflect.DirectConstructorHandleAccessor::invokeImpl@53
                      ; - jdk.internal.reflect.DirectConstructorHandleAccessor::newInstance@60
  0x0000023a8955d758: e461 fbff 

  0x0000023a8955d75c: ;   {other}
  0x0000023a8955d75c: 0f1f 8400 | cc12 0004 | 488b bc24 | c000 0000 

  0x0000023a8955d76c: ;   {metadata(method data for {method} {0x0000023a9d4357c8} 'invokeExact_MT' '(Ljava/lang/Object;Ljava/lang/Object;Ljava/lang/Object;)Ljava/lang/Object;' in 'java/lang/invoke/Invokers$Holder')}
  0x0000023a8955d76c: 49b8 30e2 | d19d 3a02 | 0000 4d8d | 8018 0200 | 0048 85ff | 750d 41f6 | 4008 0175 | 06f0 4983 
  0x0000023a8955d78c: 4808 0148 | 8bb4 24c8 

  0x0000023a8955d794: ;   {metadata(method data for {method} {0x0000023a9d4357c8} 'invokeExact_MT' '(Ljava/lang/Object;Ljava/lang/Object;Ljava/lang/Object;)Ljava/lang/Object;' in 'java/lang/invoke/Invokers$Holder')}
  0x0000023a8955d794: 0000 0049 | b830 e2d1 | 9d3a 0200 | 0049 8380 | e001 0000 | 014c 8bc7 | 488b 9424 | c800 0000 
  0x0000023a8955d7b4: ;   {optimized virtual_call}
  0x0000023a8955d7b4: 6666 90e8 

  0x0000023a8955d7b8: ; ImmutableOopMap {[160]=Oop }
                      ;*invokevirtual invokeBasic {reexecute=0 rethrow=0 return_oop=0}
                      ; - java.lang.invoke.Invokers$Holder::invokeExact_MT@19
                      ; - jdk.internal.reflect.DirectConstructorHandleAccessor::invokeImpl@53
                      ; - jdk.internal.reflect.DirectConstructorHandleAccessor::newInstance@60
  0x0000023a8955d7b8: 4462 7907 

  0x0000023a8955d7bc: ;   {other}
  0x0000023a8955d7bc: 0f1f 8400 | 2c13 0005 

  0x0000023a8955d7c4: ;   {metadata(method data for {method} {0x0000023a9d4357c8} 'invokeExact_MT' '(Ljava/lang/Object;Ljava/lang/Object;Ljava/lang/Object;)Ljava/lang/Object;' in 'java/lang/invoke/Invokers$Holder')}
  0x0000023a8955d7c4: 48ba 30e2 | d19d 3a02 | 0000 488d | 9228 0200 | 0048 85c0 | 750a f602 | 0175 05f0 | 4883 0a01 
  0x0000023a8955d7e4: ;   {metadata(method data for {method} {0x0000023a9d20e678} 'invokeImpl' '([Ljava/lang/Object;)Ljava/lang/Object;' in 'jdk/internal/reflect/DirectConstructorHandleAccessor')}
  0x0000023a8955d7e4: 48ba 18d8 | d69d 3a02 | 0000 488d | 9218 0200 | 0048 85c0 | 750c f602 | 0175 44f0 | 4883 0a01 
  0x0000023a8955d804: eb3d 8b70 | 0848 c1e6 | 034c 8bd6 | 4833 3248 | f7c6 fcff | ffff 7427 | 40f6 c602 | 7521 48f7 
  0x0000023a8955d824: 02fe ffff | ff74 1549 | 8bf2 4833 | 3248 f7c6 | fcff ffff | 7409 4883 | 0a02 eb03 

  0x0000023a8955d840: ;   {metadata(method data for {method} {0x0000023a9d20e678} 'invokeImpl' '([Ljava/lang/Object;)Ljava/lang/Object;' in 'jdk/internal/reflect/DirectConstructorHandleAccessor')}
  0x0000023a8955d840: 4889 3248 | ba18 d8d6 | 9d3a 0200 | 00ff 8228 | 0200 0048 | 81c4 4001 

  0x0000023a8955d858: ;   {poll_return}
  0x0000023a8955d858: 0000 5d49 | 3ba7 5004 | 0000 0f87 | fc0f 0000 | c38b 7210 | 4889 b424 | d000 0000 

  0x0000023a8955d874: ;   {metadata(method data for {method} {0x0000023a9d436a58} 'invokeExact_MT' '(Ljava/lang/Object;Ljava/lang/Object;)Ljava/lang/Object;' in 'java/lang/invoke/Invokers$Holder')}
  0x0000023a8955d874: 48bf d8cd | ad9d 3a02 | 0000 488d | bf88 0200 | 0048 85f6 | 750c f607 | 0175 26f0 | 4883 0f01 
  0x0000023a8955d894: eb1f 8b5e | 0848 c1e3 | 034c 8bd3 | 4833 1f48 | f7c3 fcff | ffff 7409 | f6c3 0275 | 0448 830f 
  0x0000023a8955d8b4: ;   {oop(a 'java/lang/invoke/MethodType'{0x0000000080001c58} = ()Ljava/lang/Object;)}
  0x0000023a8955d8b4: 0248 bb58 | 1c00 8000 | 0000 0048 | 85db 750c | f647 1001 | 7506 f048 | 834f 1001 

  0x0000023a8955d8d0: ;   {metadata(method data for {method} {0x0000023a9d20e678} 'invokeImpl' '([Ljava/lang/Object;)Ljava/lang/Object;' in 'jdk/internal/reflect/DirectConstructorHandleAccessor')}
  0x0000023a8955d8d0: 48bf 18d8 | d69d 3a02 | 0000 4883 | 8770 0100 

  0x0000023a8955d8e0: ;   {metadata(method data for {method} {0x0000023a9d436a58} 'invokeExact_MT' '(Ljava/lang/Object;Ljava/lang/Object;)Ljava/lang/Object;' in 'java/lang/invoke/Invokers$Holder')}
  0x0000023a8955d8e0: 0001 48bf | d8cd ad9d | 3a02 0000 | 8b87 cc00 | 0000 83c0 | 0289 87cc | 0000 0025 | feff 1f00 
  0x0000023a8955d900: 85c0 0f84 | 720f 0000 

  0x0000023a8955d908: ;   {metadata(method data for {method} {0x0000023a9d436a58} 'invokeExact_MT' '(Ljava/lang/Object;Ljava/lang/Object;)Ljava/lang/Object;' in 'java/lang/invoke/Invokers$Holder')}
  0x0000023a8955d908: 48bf d8cd | ad9d 3a02 | 0000 488d | bf90 0100 | 0048 85f6 | 750e f647 | 0801 7527 | f048 834f 
  0x0000023a8955d928: 0801 eb1f | 8b46 0848 | c1e0 034c | 8bd0 4833 | 4708 48a9 | fcff ffff | 7409 a802 | 7505 4883 
  0x0000023a8955d948: 4f08 0248 | 85db 750c | f647 1801 | 7506 f048 | 834f 1801 

  0x0000023a8955d95c: ;   {metadata(method data for {method} {0x0000023a9d436a58} 'invokeExact_MT' '(Ljava/lang/Object;Ljava/lang/Object;)Ljava/lang/Object;' in 'java/lang/invoke/Invokers$Holder')}
  0x0000023a8955d95c: 48bf d8cd | ad9d 3a02 | 0000 4883 | 8780 0100 

  0x0000023a8955d96c: ;   {metadata(method data for {method} {0x0000023a9d3ee710} 'checkExactType' '(Ljava/lang/invoke/MethodHandle;Ljava/lang/invoke/MethodType;)V' in 'java/lang/invoke/Invokers')}
  0x0000023a8955d96c: 0001 48bf | f097 bc9d | 3a02 0000 | 8b87 cc00 | 0000 83c0 | 0289 87cc | 0000 0025 | feff 1f00 
  0x0000023a8955d98c: 85c0 0f84 | 070f 0000 

  0x0000023a8955d994: ; implicit exception: dispatches to 0x0000023a8955e8bc
  0x0000023a8955d994: 483b 0648 

  0x0000023a8955d998: ;   {metadata(method data for {method} {0x0000023a9d3ee710} 'checkExactType' '(Ljava/lang/invoke/MethodHandle;Ljava/lang/invoke/MethodType;)V' in 'java/lang/invoke/Invokers')}
  0x0000023a8955d998: 8bfe 48b8 | f097 bc9d | 3a02 0000 | 8b7f 0848 | c1e7 0348 | 3bb8 2001 | 0000 750d | 4883 8028 
  0x0000023a8955d9b8: 0100 0001 | e960 0000 | 0048 3bb8 | 3001 0000 | 750d 4883 | 8038 0100 | 0001 e94a | 0000 0048 
  0x0000023a8955d9d8: 83b8 2001 | 0000 0075 | 1748 89b8 | 2001 0000 | 48c7 8028 | 0100 0001 | 0000 00e9 | 2900 0000 
  0x0000023a8955d9f8: 4883 b830 | 0100 0000 | 7517 4889 | b830 0100 | 0048 c780 | 3801 0000 | 0100 0000 | e908 0000 
  0x0000023a8955da18: 0048 8380 | 1001 0000 | 018b 7e10 

  0x0000023a8955da24: ;   {metadata(method data for {method} {0x0000023a9d3ee710} 'checkExactType' '(Ljava/lang/invoke/MethodHandle;Ljava/lang/invoke/MethodType;)V' in 'java/lang/invoke/Invokers')}
  0x0000023a8955da24: 483b fb48 | bbf0 97bc | 9d3a 0200 | 0048 c7c0 | 5801 0000 | 7507 48c7 | c048 0100 | 0048 8b0c 
  0x0000023a8955da44: 0348 8d49 | 0148 890c | 030f 85e7 

  0x0000023a8955da50: ;   {metadata(method data for {method} {0x0000023a9d436a58} 'invokeExact_MT' '(Ljava/lang/Object;Ljava/lang/Object;)Ljava/lang/Object;' in 'java/lang/invoke/Invokers$Holder')}
  0x0000023a8955da50: 0100 0048 | bfd8 cdad | 9d3a 0200 | 0048 8dbf | c801 0000 | 8b5e 0848 | c1e3 034c | 8bd3 4833 
  0x0000023a8955da70: 5f08 48f7 | c3fc ffff | ff74 0af6 | c302 7505 | 4883 4f08 

  0x0000023a8955da84: ;   {metadata(method data for {method} {0x0000023a9d436a58} 'invokeExact_MT' '(Ljava/lang/Object;Ljava/lang/Object;)Ljava/lang/Object;' in 'java/lang/invoke/Invokers$Holder')}
  0x0000023a8955da84: 0248 bfd8 | cdad 9d3a | 0200 0048 | 8387 b801 

  0x0000023a8955da94: ;   {metadata(method data for {method} {0x0000023a9d3eee68} 'checkCustomized' '(Ljava/lang/invoke/MethodHandle;)V' in 'java/lang/invoke/Invokers')}
  0x0000023a8955da94: 0000 0148 | bf30 babc | 9d3a 0200 | 008b 9fcc | 0000 0083 | c302 899f | cc00 0000 | 81e3 feff 
  0x0000023a8955dab4: 1f00 85db | 0f84 030e 

  0x0000023a8955dabc: ;   {metadata(method data for {method} {0x0000023a9d3eee68} 'checkCustomized' '(Ljava/lang/invoke/MethodHandle;)V' in 'java/lang/invoke/Invokers')}
  0x0000023a8955dabc: 0000 48bf | 30ba bc9d | 3a02 0000 | 4883 8710 | 0100 0001 

  0x0000023a8955dad0: ;   {metadata(method data for {method} {0x0000023a9d3bf4c8} 'isCompileConstant' '(Ljava/lang/Object;)Z' in 'java/lang/invoke/MethodHandleImpl')}
  0x0000023a8955dad0: 48bf e0bb | bc9d 3a02 | 0000 8b9f | cc00 0000 | 83c3 0289 | 9fcc 0000 | 0081 e3fe | ff1f 0085 
  0x0000023a8955daf0: db0f 84eb 

  0x0000023a8955daf4: ;   {metadata(method data for {method} {0x0000023a9d3eee68} 'checkCustomized' '(Ljava/lang/invoke/MethodHandle;)V' in 'java/lang/invoke/Invokers')}
  0x0000023a8955daf4: 0d00 0048 | bf30 babc | 9d3a 0200 | 00ff 8720 | 0100 008b | 7e14 8b7f | 1c48 85ff 

  0x0000023a8955db10: ;   {metadata(method data for {method} {0x0000023a9d3eee68} 'checkCustomized' '(Ljava/lang/invoke/MethodHandle;)V' in 'java/lang/invoke/Invokers')}
  0x0000023a8955db10: 48bf 30ba | bc9d 3a02 | 0000 48c7 | c340 0100 | 0075 0748 | c7c3 5001 | 0000 488b | 041f 488d 
  0x0000023a8955db30: 4001 4889 | 041f 0f85 | 2800 0000 

  0x0000023a8955db3c: ;   {metadata(method data for {method} {0x0000023a9d3eee68} 'checkCustomized' '(Ljava/lang/invoke/MethodHandle;)V' in 'java/lang/invoke/Invokers')}
  0x0000023a8955db3c: 48bf 30ba | bc9d 3a02 | 0000 4883 | 8760 0100 | 0001 488b | d666 0f1f 

  0x0000023a8955db54: ;   {static_call}
  0x0000023a8955db54: 4400 00e8 

  0x0000023a8955db58: ; ImmutableOopMap {[160]=Oop [208]=Oop }
                      ;*invokestatic maybeCustomize {reexecute=0 rethrow=0 return_oop=0}
                      ; - java.lang.invoke.Invokers::checkCustomized@19
                      ; - java.lang.invoke.Invokers$Holder::invokeExact_MT@14
                      ; - jdk.internal.reflect.DirectConstructorHandleAccessor::invokeImpl@40
                      ; - jdk.internal.reflect.DirectConstructorHandleAccessor::newInstance@60
  0x0000023a8955db58: e45d fbff 

  0x0000023a8955db5c: ;   {other}
  0x0000023a8955db5c: 0f1f 8400 | cc16 0006 | 488b b424 | d000 0000 

  0x0000023a8955db6c: ;   {metadata(method data for {method} {0x0000023a9d436a58} 'invokeExact_MT' '(Ljava/lang/Object;Ljava/lang/Object;)Ljava/lang/Object;' in 'java/lang/invoke/Invokers$Holder')}
  0x0000023a8955db6c: 48ba d8cd | ad9d 3a02 | 0000 4883 | 82e0 0100 | 0001 488b | 9424 d000 

  0x0000023a8955db84: ;   {optimized virtual_call}
  0x0000023a8955db84: 0000 90e8 

  0x0000023a8955db88: ; ImmutableOopMap {[160]=Oop }
                      ;*invokevirtual invokeBasic {reexecute=0 rethrow=0 return_oop=0}
                      ; - java.lang.invoke.Invokers$Holder::invokeExact_MT@18
                      ; - jdk.internal.reflect.DirectConstructorHandleAccessor::invokeImpl@40
                      ; - jdk.internal.reflect.DirectConstructorHandleAccessor::newInstance@60
  0x0000023a8955db88: 7455 7907 

  0x0000023a8955db8c: ;   {other}
  0x0000023a8955db8c: 0f1f 8400 | fc16 0007 

  0x0000023a8955db94: ;   {metadata(method data for {method} {0x0000023a9d436a58} 'invokeExact_MT' '(Ljava/lang/Object;Ljava/lang/Object;)Ljava/lang/Object;' in 'java/lang/invoke/Invokers$Holder')}
  0x0000023a8955db94: 48ba d8cd | ad9d 3a02 | 0000 488d | 9218 0200 | 0048 85c0 | 750a f602 | 0175 05f0 | 4883 0a01 
  0x0000023a8955dbb4: ;   {metadata(method data for {method} {0x0000023a9d20e678} 'invokeImpl' '([Ljava/lang/Object;)Ljava/lang/Object;' in 'jdk/internal/reflect/DirectConstructorHandleAccessor')}
  0x0000023a8955dbb4: 48ba 18d8 | d69d 3a02 | 0000 488d | 92a8 0100 | 0048 85c0 | 750c f602 | 0175 45f0 | 4883 0a01 
  0x0000023a8955dbd4: eb3e 448b | 4008 49c1 | e003 4d8b | d04c 3302 | 49f7 c0fc | ffff ff74 | 2741 f6c0 | 0275 2148 
  0x0000023a8955dbf4: f702 feff | ffff 7415 | 4d8b c24c | 3302 49f7 | c0fc ffff | ff74 0948 | 830a 02eb | 034c 8902 
  0x0000023a8955dc14: ;   {metadata(method data for {method} {0x0000023a9d20e678} 'invokeImpl' '([Ljava/lang/Object;)Ljava/lang/Object;' in 'jdk/internal/reflect/DirectConstructorHandleAccessor')}
  0x0000023a8955dc14: 48ba 18d8 | d69d 3a02 | 0000 ff82 | b801 0000 | 4881 c440 | 0100 005d 

  0x0000023a8955dc2c: ;   {poll_return}
  0x0000023a8955dc2c: 493b a750 | 0400 000f | 87cf 0c00 

  0x0000023a8955dc38: ;   {metadata(method data for {method} {0x0000023a9d3ee710} 'checkExactType' '(Ljava/lang/invoke/MethodHandle;Ljava/lang/invoke/MethodType;)V' in 'java/lang/invoke/Invokers')}
  0x0000023a8955dc38: 00c3 48ba | f097 bc9d | 3a02 0000 | 4883 8268 | 0100 0001 

  0x0000023a8955dc4c: ;   {oop(a 'java/lang/invoke/MethodType'{0x0000000080001c58} = ()Ljava/lang/Object;)}
  0x0000023a8955dc4c: 49b8 581c | 0080 0000 | 0000 488b | d766 0f1f 

  0x0000023a8955dc5c: ;   {static_call}
  0x0000023a8955dc5c: 4400 00e8 

  0x0000023a8955dc60: ; ImmutableOopMap {[160]=Oop [208]=Oop }
                      ;*invokestatic newWrongMethodTypeException {reexecute=0 rethrow=0 return_oop=0}
                      ; - java.lang.invoke.Invokers::checkExactType@12
                      ; - java.lang.invoke.Invokers$Holder::invokeExact_MT@10
                      ; - jdk.internal.reflect.DirectConstructorHandleAccessor::invokeImpl@40
                      ; - jdk.internal.reflect.DirectConstructorHandleAccessor::newInstance@60
  0x0000023a8955dc60: 1c19 2407 

  0x0000023a8955dc64: ;   {other}
  0x0000023a8955dc64: 0f1f 8400 | d417 0008 

  0x0000023a8955dc6c: ; implicit exception: dispatches to 0x0000023a8955e91e
                      ; ImmutableOopMap {rax=Oop [160]=Oop [208]=Oop }
                      ;*athrow {reexecute=1 rethrow=0 return_oop=0}
                      ; - (reexecute) java.lang.invoke.Invokers::checkExactType@15
                      ; - java.lang.invoke.Invokers$Holder::invokeExact_MT@10
                      ; - jdk.internal.reflect.DirectConstructorHandleAccessor::invokeImpl@40
                      ; - jdk.internal.reflect.DirectConstructorHandleAccessor::newInstance@60
                      ;   {section_word}
  0x0000023a8955dc6c: 483b 0048 | ba6f dc55 | 893a 0200 

  0x0000023a8955dc78: ;   {runtime_call handle_exception_nofpu Runtime1 stub}
  0x0000023a8955dc78: 00e8 82e1 

  0x0000023a8955dc7c: ;   {metadata(method data for {method} {0x0000023a9d3ee710} 'checkExactType' '(Ljava/lang/invoke/MethodHandle;Ljava/lang/invoke/MethodType;)V' in 'java/lang/invoke/Invokers')}
  0x0000023a8955dc7c: 2e07 9048 | baf0 97bc | 9d3a 0200 | 0048 8382 | 6801 0000 

  0x0000023a8955dc90: ;   {oop(a 'java/lang/invoke/MethodType'{0x0000000080001c30} = (Ljava/lang/Object;)Ljava/lang/Object;)}
  0x0000023a8955dc90: 0149 b830 | 1c00 8000 | 0000 0048 

  0x0000023a8955dc9c: ;   {static_call}
  0x0000023a8955dc9c: 8bd3 90e8 

  0x0000023a8955dca0: ; ImmutableOopMap {[160]=Oop [192]=Oop [200]=Oop }
                      ;*invokestatic newWrongMethodTypeException {reexecute=0 rethrow=0 return_oop=0}
                      ; - java.lang.invoke.Invokers::checkExactType@12
                      ; - java.lang.invoke.Invokers$Holder::invokeExact_MT@10
                      ; - jdk.internal.reflect.DirectConstructorHandleAccessor::invokeImpl@53
                      ; - jdk.internal.reflect.DirectConstructorHandleAccessor::newInstance@60
  0x0000023a8955dca0: dc18 2407 

  0x0000023a8955dca4: ;   {other}
  0x0000023a8955dca4: 0f1f 8400 | 1418 000a 

  0x0000023a8955dcac: ; implicit exception: dispatches to 0x0000023a8955e923
                      ; ImmutableOopMap {rax=Oop [160]=Oop [192]=Oop [200]=Oop }
                      ;*athrow {reexecute=1 rethrow=0 return_oop=0}
                      ; - (reexecute) java.lang.invoke.Invokers::checkExactType@15
                      ; - java.lang.invoke.Invokers$Holder::invokeExact_MT@10
                      ; - jdk.internal.reflect.DirectConstructorHandleAccessor::invokeImpl@53
                      ; - jdk.internal.reflect.DirectConstructorHandleAccessor::newInstance@60
                      ;   {section_word}
  0x0000023a8955dcac: 483b 0048 | baaf dc55 | 893a 0200 

  0x0000023a8955dcb8: ;   {runtime_call handle_exception_nofpu Runtime1 stub}
  0x0000023a8955dcb8: 00e8 42e1 

  0x0000023a8955dcbc: ;   {metadata(method data for {method} {0x0000023a9d3ee710} 'checkExactType' '(Ljava/lang/invoke/MethodHandle;Ljava/lang/invoke/MethodType;)V' in 'java/lang/invoke/Invokers')}
  0x0000023a8955dcbc: 2e07 9048 | baf0 97bc | 9d3a 0200 | 0048 8382 | 6801 0000 

  0x0000023a8955dcd0: ;   {oop(a 'java/lang/invoke/MethodType'{0x0000000080001c08} = (Ljava/lang/Object;Ljava/lang/Object;)Ljava/lang/Object;)}
  0x0000023a8955dcd0: 0149 b808 | 1c00 8000 | 0000 0048 

  0x0000023a8955dcdc: ;   {static_call}
  0x0000023a8955dcdc: 8bd0 90e8 

  0x0000023a8955dce0: ; ImmutableOopMap {[160]=Oop [168]=Oop [176]=Oop [184]=Oop }
                      ;*invokestatic newWrongMethodTypeException {reexecute=0 rethrow=0 return_oop=0}
                      ; - java.lang.invoke.Invokers::checkExactType@12
                      ; - java.lang.invoke.Invokers$Holder::invokeExact_MT@10
                      ; - jdk.internal.reflect.DirectConstructorHandleAccessor::invokeImpl@69
                      ; - jdk.internal.reflect.DirectConstructorHandleAccessor::newInstance@60
  0x0000023a8955dce0: 9c18 2407 

  0x0000023a8955dce4: ;   {other}
  0x0000023a8955dce4: 0f1f 8400 | 5418 000c 

  0x0000023a8955dcec: ; implicit exception: dispatches to 0x0000023a8955e928
                      ; ImmutableOopMap {rax=Oop [160]=Oop [168]=Oop [176]=Oop [184]=Oop }
                      ;*athrow {reexecute=1 rethrow=0 return_oop=0}
                      ; - (reexecute) java.lang.invoke.Invokers::checkExactType@15
                      ; - java.lang.invoke.Invokers$Holder::invokeExact_MT@10
                      ; - jdk.internal.reflect.DirectConstructorHandleAccessor::invokeImpl@69
                      ; - jdk.internal.reflect.DirectConstructorHandleAccessor::newInstance@60
                      ;   {section_word}
  0x0000023a8955dcec: 483b 0048 | baef dc55 | 893a 0200 

  0x0000023a8955dcf8: ;   {runtime_call handle_exception_nofpu Runtime1 stub}
  0x0000023a8955dcf8: 00e8 02e1 | 2e07 9049 | 8b87 0005 | 0000 4d33 | d24d 8997 | 0005 0000 | 4d33 d24d | 8997 0805 
  0x0000023a8955dd18: 0000 488b | 9424 a000 

  0x0000023a8955dd20: ;   {metadata(method data for {method} {0x0000023a9d20e460} 'newInstance' '([Ljava/lang/Object;)Ljava/lang/Object;' in 'jdk/internal/reflect/DirectConstructorHandleAccessor')}
  0x0000023a8955dd20: 0000 49b8 | f0d3 d69d | 3a02 0000 | 4983 8050 | 0300 0001 

  0x0000023a8955dd34: ;   {metadata(method data for {method} {0x0000023a9d20e558} 'isIllegalArgument' '(Ljava/lang/RuntimeException;)Z' in 'jdk/internal/reflect/DirectConstructorHandleAccessor')}
  0x0000023a8955dd34: 48ba 88dd | d69d 3a02 | 0000 448b | 82cc 0000 | 0041 83c0 | 0244 8982 | cc00 0000 | 4181 e0fe 
  0x0000023a8955dd54: ff1f 0045 | 85c0 0f84 | cd0b 0000 

  0x0000023a8955dd60: ;   {oop(a 'java/lang/Class'{0x0000000080001cc8} = 'jdk/internal/reflect/DirectConstructorHandleAccessor')}
  0x0000023a8955dd60: 48ba c81c | 0080 0000 | 0000 4c8b | c048 8984 | 24d8 0000 

  0x0000023a8955dd74: ;   {static_call}
  0x0000023a8955dd74: 0066 90e8 

  0x0000023a8955dd78: ; ImmutableOopMap {[216]=Oop }
                      ;*invokestatic isIllegalArgument {reexecute=0 rethrow=0 return_oop=0}
                      ; - jdk.internal.reflect.DirectConstructorHandleAccessor::isIllegalArgument@3
                      ; - jdk.internal.reflect.DirectConstructorHandleAccessor::newInstance@96
  0x0000023a8955dd78: 0418 2407 

  0x0000023a8955dd7c: ;   {other}
  0x0000023a8955dd7c: 0f1f 8400 | ec18 000e | 83e0 0185 

  0x0000023a8955dd88: ;   {metadata(method data for {method} {0x0000023a9d20e460} 'newInstance' '([Ljava/lang/Object;)Ljava/lang/Object;' in 'jdk/internal/reflect/DirectConstructorHandleAccessor')}
  0x0000023a8955dd88: c048 b8f0 | d3d6 9d3a | 0200 0048 | c7c2 8803 | 0000 7407 | 48c7 c298 | 0300 004c | 8b04 104d 
  0x0000023a8955dda8: 8d40 014c | 8904 100f | 8494 0200 | 00e9 f701 | 0000 498b | 8700 0500 | 004d 33d2 | 4d89 9700 
  0x0000023a8955ddc8: 0500 004d | 33d2 4d89 | 9708 0500 | 0048 8b94 | 24a0 0000 

  0x0000023a8955dddc: ;   {metadata(method data for {method} {0x0000023a9d20e460} 'newInstance' '([Ljava/lang/Object;)Ljava/lang/Object;' in 'jdk/internal/reflect/DirectConstructorHandleAccessor')}
  0x0000023a8955dddc: 0049 b8f0 | d3d6 9d3a | 0200 0049 | 8380 d802 

  0x0000023a8955ddec: ;   {metadata(method data for {method} {0x0000023a9d20e558} 'isIllegalArgument' '(Ljava/lang/RuntimeException;)Z' in 'jdk/internal/reflect/DirectConstructorHandleAccessor')}
  0x0000023a8955ddec: 0000 0148 | ba88 ddd6 | 9d3a 0200 | 0044 8b82 | cc00 0000 | 4183 c002 | 4489 82cc | 0000 0041 
  0x0000023a8955de0c: 81e0 feff | 1f00 4585 | c00f 8433 

  0x0000023a8955de18: ;   {oop(a 'java/lang/Class'{0x0000000080001cc8} = 'jdk/internal/reflect/DirectConstructorHandleAccessor')}
  0x0000023a8955de18: 0b00 0048 | bac8 1c00 | 8000 0000 | 004c 8bc0 | 4889 8424 | e000 0000 | 0f1f 8000 

  0x0000023a8955de34: ;   {static_call}
  0x0000023a8955de34: 0000 00e8 

  0x0000023a8955de38: ; ImmutableOopMap {[224]=Oop }
                      ;*invokestatic isIllegalArgument {reexecute=0 rethrow=0 return_oop=0}
                      ; - jdk.internal.reflect.DirectConstructorHandleAccessor::isIllegalArgument@3
                      ; - jdk.internal.reflect.DirectConstructorHandleAccessor::newInstance@67
  0x0000023a8955de38: 4417 2407 

  0x0000023a8955de3c: ;   {other}
  0x0000023a8955de3c: 0f1f 8400 | ac19 000f | 83e0 0185 

  0x0000023a8955de48: ;   {metadata(method data for {method} {0x0000023a9d20e460} 'newInstance' '([Ljava/lang/Object;)Ljava/lang/Object;' in 'jdk/internal/reflect/DirectConstructorHandleAccessor')}
  0x0000023a8955de48: c048 baf0 | d3d6 9d3a | 0200 0048 | c7c6 1003 | 0000 7407 | 48c7 c620 | 0300 0048 | 8b3c 3248 
  0x0000023a8955de68: 8d7f 0148 | 893c 320f | 84a4 0000 | 0066 6690 

  0x0000023a8955de78: ;   {no_reloc}
  0x0000023a8955de78: e901 0b00 | 0000 0000 | 0000 498b | 87b8 0100 | 0048 8d78 | 2849 3bbf | c801 0000 | 0f87 ee0a 
  0x0000023a8955de98: 0000 4989 | bfb8 0100 | 0048 c700 | 0100 0000 | 488b ca48 | c1e9 0389 | 4808 4833 | c989 480c 
  0x0000023a8955deb8: 4833 c948 | 8948 1048 | 8948 1848 | 8948 204c 

  0x0000023a8955dec8: ;   {metadata(method data for {method} {0x0000023a9d20e460} 'newInstance' '([Ljava/lang/Object;)Ljava/lang/Object;' in 'jdk/internal/reflect/DirectConstructorHandleAccessor')}
  0x0000023a8955dec8: 8bc0 49b9 | f0d3 d69d | 3a02 0000 | 4983 8130 | 0300 0001 

  0x0000023a8955dedc: ;   {oop("argument type mismatch"{0x0000000080001d38})}
  0x0000023a8955dedc: 49b8 381d | 0080 0000 | 0000 4c8b | 8c24 e000 | 0000 488b | d048 8984 | 24e8 0000 | 0066 0f1f 
  0x0000023a8955defc: ;   {optimized virtual_call}
  0x0000023a8955defc: 4400 00e8 

  0x0000023a8955df00: ; ImmutableOopMap {[232]=Oop }
                      ;*invokespecial <init> {reexecute=0 rethrow=0 return_oop=0}
                      ; - jdk.internal.reflect.DirectConstructorHandleAccessor::newInstance@80
  0x0000023a8955df00: 7c0c 2407 

  0x0000023a8955df04: ;   {other}
  0x0000023a8955df04: 0f1f 8400 | 741a 0010 | 488b 8424 | e800 0000 | e971 0c00 | 004c 8b84 | 24e0 0000 | 000f 1f80 
  0x0000023a8955df24: 0000 0000 

  0x0000023a8955df28: ;   {no_reloc}
  0x0000023a8955df28: e977 0a00 | 0000 0000 | 0000 498b | 87b8 0100 | 0048 8d78 | 2849 3bbf | c801 0000 | 0f87 640a 
  0x0000023a8955df48: 0000 4989 | bfb8 0100 | 0048 c700 | 0100 0000 | 488b ca48 | c1e9 0389 | 4808 4833 | c989 480c 
  0x0000023a8955df68: 4833 c948 | 8948 1048 | 8948 1848 | 8948 2048 

  0x0000023a8955df78: ;   {metadata(method data for {method} {0x0000023a9d20e460} 'newInstance' '([Ljava/lang/Object;)Ljava/lang/Object;' in 'jdk/internal/reflect/DirectConstructorHandleAccessor')}
  0x0000023a8955df78: 8bd0 48be | f0d3 d69d | 3a02 0000 | 4883 8640 | 0300 0001 | 488b d048 | 8984 24f0 

  0x0000023a8955df94: ;   {optimized virtual_call}
  0x0000023a8955df94: 0000 00e8 

  0x0000023a8955df98: ; ImmutableOopMap {[240]=Oop }
                      ;*invokespecial <init> {reexecute=0 rethrow=0 return_oop=0}
                      ; - jdk.internal.reflect.DirectConstructorHandleAccessor::newInstance@89
  0x0000023a8955df98: e40b 2407 

  0x0000023a8955df9c: ;   {other}
  0x0000023a8955df9c: 0f1f 8400 | 0c1b 0011 | 488b 8424 | f000 0000 | e9d9 0b00 | 000f 1f80 | 0000 0000 

  0x0000023a8955dfb8: ;   {no_reloc}
  0x0000023a8955dfb8: e90d 0a00 | 0000 0000 | 0000 498b | 87b8 0100 | 0048 8d78 | 2849 3bbf | c801 0000 | 0f87 fa09 
  0x0000023a8955dfd8: 0000 4989 | bfb8 0100 | 0048 c700 | 0100 0000 | 488b ca48 | c1e9 0389 | 4808 4833 | c989 480c 
  0x0000023a8955dff8: 4833 c948 | 8948 1048 | 8948 1848 | 8948 204c 

  0x0000023a8955e008: ;   {metadata(method data for {method} {0x0000023a9d20e460} 'newInstance' '([Ljava/lang/Object;)Ljava/lang/Object;' in 'jdk/internal/reflect/DirectConstructorHandleAccessor')}
  0x0000023a8955e008: 8bc0 48ba | f0d3 d69d | 3a02 0000 | 4883 82a8 | 0300 0001 | 4c8b 8424 | d800 0000 | 488b d048 
  0x0000023a8955e028: 8984 24f8 

  0x0000023a8955e02c: ;   {optimized virtual_call}
  0x0000023a8955e02c: 0000 00e8 

  0x0000023a8955e030: ; ImmutableOopMap {[248]=Oop }
                      ;*invokespecial <init> {reexecute=0 rethrow=0 return_oop=0}
                      ; - jdk.internal.reflect.DirectConstructorHandleAccessor::newInstance@107
  0x0000023a8955e030: 4c0b 2407 

  0x0000023a8955e034: ;   {other}
  0x0000023a8955e034: 0f1f 8400 | a41b 0012 | 488b 8424 | f800 0000 | e941 0b00 | 004c 8b84 | 24d8 0000 | 000f 1f80 
  0x0000023a8955e054: 0000 0000 

  0x0000023a8955e058: ;   {no_reloc}
  0x0000023a8955e058: e993 0900 | 0000 0000 | 0000 498b | 87b8 0100 | 0048 8d78 | 2849 3bbf | c801 0000 | 0f87 8009 
  0x0000023a8955e078: 0000 4989 | bfb8 0100 | 0048 c700 | 0100 0000 | 488b ca48 | c1e9 0389 | 4808 4833 | c989 480c 
  0x0000023a8955e098: 4833 c948 | 8948 1048 | 8948 1848 | 8948 2048 

  0x0000023a8955e0a8: ;   {metadata(method data for {method} {0x0000023a9d20e460} 'newInstance' '([Ljava/lang/Object;)Ljava/lang/Object;' in 'jdk/internal/reflect/DirectConstructorHandleAccessor')}
  0x0000023a8955e0a8: 8bd0 48be | f0d3 d69d | 3a02 0000 | 4883 86b8 | 0300 0001 | 488b d048 | 8984 2400 

  0x0000023a8955e0c4: ;   {optimized virtual_call}
  0x0000023a8955e0c4: 0100 00e8 

  0x0000023a8955e0c8: ; ImmutableOopMap {[256]=Oop }
                      ;*invokespecial <init> {reexecute=0 rethrow=0 return_oop=0}
                      ; - jdk.internal.reflect.DirectConstructorHandleAccessor::newInstance@116
  0x0000023a8955e0c8: b40a 2407 

  0x0000023a8955e0cc: ;   {other}
  0x0000023a8955e0cc: 0f1f 8400 | 3c1c 0013 | 488b 8424 | 0001 0000 | e9a9 0a00 | 0044 898c | 2410 0100 | 000f 1f80 
  0x0000023a8955e0ec: 0000 0000 

  0x0000023a8955e0f0: ;   {no_reloc}
  0x0000023a8955e0f0: e921 0900 | 0000 0000 | 0000 498b | 87b8 0100 | 0048 8d78 | 2849 3bbf | c801 0000 | 0f87 0e09 
  0x0000023a8955e110: 0000 4989 | bfb8 0100 | 0048 c700 | 0100 0000 | 488b ca48 | c1e9 0389 | 4808 4833 | c989 480c 
  0x0000023a8955e130: 4833 c948 | 8948 1048 | 8948 1848 | 8948 2090 

  0x0000023a8955e140: ;   {no_reloc}
  0x0000023a8955e140: e9f7 0800 | 0000 0000 | 0000 4889 | 8424 1801 | 0000 498b | 87b8 0100 | 0048 8d78 | 1849 3bbf 
  0x0000023a8955e160: c801 0000 | 0f87 dc08 | 0000 4989 | bfb8 0100 | 0048 c700 | 0100 0000 | 488b ca48 | c1e9 0389 
  0x0000023a8955e180: 4808 4833 | c989 480c | 4833 c948 | 8948 104c 

  0x0000023a8955e190: ;   {metadata(method data for {method} {0x0000023a9d20e460} 'newInstance' '([Ljava/lang/Object;)Ljava/lang/Object;' in 'jdk/internal/reflect/DirectConstructorHandleAccessor')}
  0x0000023a8955e190: 8bc0 48ba | f0d3 d69d | 3a02 0000 | 4883 8268 | 0100 0001 

  0x0000023a8955e1a4: ;   {metadata(method data for {method} {0x0000023a9d0cf2a0} '<init>' '()V' in 'java/lang/StringBuilder')}
  0x0000023a8955e1a4: 49b8 2869 | 329d 3a02 | 0000 418b | 90cc 0000 | 0083 c202 | 4189 90cc | 0000 0081 | e2fe ff1f 
  0x0000023a8955e1c4: 0085 d20f | 8486 0800 | 004c 8bc0 

  0x0000023a8955e1d0: ;   {metadata(method data for {method} {0x0000023a9d0cf2a0} '<init>' '()V' in 'java/lang/StringBuilder')}
  0x0000023a8955e1d0: 48ba 2869 | 329d 3a02 | 0000 4883 | 8210 0100 | 0001 41b8 | 1000 0000 | 488b d048 | 8984 2408 
  0x0000023a8955e1f0: 0100 000f 

  0x0000023a8955e1f4: ;   {optimized virtual_call}
  0x0000023a8955e1f4: 1f40 00e8 

  0x0000023a8955e1f8: ; ImmutableOopMap {[160]=Oop [264]=Oop [280]=Oop }
                      ;*invokespecial <init> {reexecute=0 rethrow=0 return_oop=0}
                      ; - java.lang.StringBuilder::<init>@3
                      ; - jdk.internal.reflect.DirectConstructorHandleAccessor::newInstance@27
  0x0000023a8955e1f8: 8409 2407 

  0x0000023a8955e1fc: ;   {other}
  0x0000023a8955e1fc: 0f1f 8400 | 6c1d 0014 | 488b 8424 | 0801 0000 

  0x0000023a8955e20c: ;   {metadata(method data for {method} {0x0000023a9d20e460} 'newInstance' '([Ljava/lang/Object;)Ljava/lang/Object;' in 'jdk/internal/reflect/DirectConstructorHandleAccessor')}
  0x0000023a8955e20c: 49b8 f0d3 | d69d 3a02 | 0000 4983 | 8078 0100 

  0x0000023a8955e21c: ;   {metadata(method data for {method} {0x0000023a9d0cf710} 'append' '(Ljava/lang/String;)Ljava/lang/StringBuilder;' in 'java/lang/StringBuilder')}
  0x0000023a8955e21c: 0001 49b8 | 6872 329d | 3a02 0000 | 418b 90cc | 0000 0083 | c202 4189 | 90cc 0000 | 0081 e2fe 
  0x0000023a8955e23c: ff1f 0085 | d20f 842d | 0800 0048 | 8b84 2408 

  0x0000023a8955e24c: ;   {metadata(method data for {method} {0x0000023a9d0cf710} 'append' '(Ljava/lang/String;)Ljava/lang/StringBuilder;' in 'java/lang/StringBuilder')}
  0x0000023a8955e24c: 0100 0049 | b868 7232 | 9d3a 0200 | 0049 8380 | 1001 0000 

  0x0000023a8955e260: ;   {oop("wrong number of arguments: "{0x0000000080001d50})}
  0x0000023a8955e260: 0149 b850 | 1d00 8000 | 0000 0048 | 8b94 2408 | 0100 000f 

  0x0000023a8955e274: ;   {optimized virtual_call}
  0x0000023a8955e274: 1f40 00e8 

  0x0000023a8955e278: ; ImmutableOopMap {[160]=Oop [264]=Oop [280]=Oop }
                      ;*invokespecial append {reexecute=0 rethrow=0 return_oop=0}
                      ; - java.lang.StringBuilder::append@2
                      ; - jdk.internal.reflect.DirectConstructorHandleAccessor::newInstance@32
  0x0000023a8955e278: 0409 2407 

  0x0000023a8955e27c: ;   {other}
  0x0000023a8955e27c: 0f1f 8400 | ec1d 0015 | 488b 8424 | 0801 0000 

  0x0000023a8955e28c: ;   {metadata(method data for {method} {0x0000023a9d20e460} 'newInstance' '([Ljava/lang/Object;)Ljava/lang/Object;' in 'jdk/internal/reflect/DirectConstructorHandleAccessor')}
  0x0000023a8955e28c: 49b8 f0d3 | d69d 3a02 | 0000 4983 | 80b0 0100 

  0x0000023a8955e29c: ;   {metadata(method data for {method} {0x0000023a9d0cfcd0} 'append' '(I)Ljava/lang/StringBuilder;' in 'java/lang/StringBuilder')}
  0x0000023a8955e29c: 0001 49b8 | 8078 329d | 3a02 0000 | 418b 90cc | 0000 0083 | c202 4189 | 90cc 0000 | 0081 e2fe 
  0x0000023a8955e2bc: ff1f 0085 | d20f 84ce | 0700 0048 | 8b84 2408 

  0x0000023a8955e2cc: ;   {metadata(method data for {method} {0x0000023a9d0cfcd0} 'append' '(I)Ljava/lang/StringBuilder;' in 'java/lang/StringBuilder')}
  0x0000023a8955e2cc: 0100 0049 | b880 7832 | 9d3a 0200 | 0049 8380 | 1001 0000 | 0144 8b84 | 2410 0100 | 0048 8b94 
  0x0000023a8955e2ec: 2408 0100 | 0066 0f1f 

  0x0000023a8955e2f4: ;   {optimized virtual_call}
  0x0000023a8955e2f4: 4400 00e8 

  0x0000023a8955e2f8: ; ImmutableOopMap {[160]=Oop [264]=Oop [280]=Oop }
                      ;*invokespecial append {reexecute=0 rethrow=0 return_oop=0}
                      ; - java.lang.StringBuilder::append@2
                      ; - jdk.internal.reflect.DirectConstructorHandleAccessor::newInstance@36
  0x0000023a8955e2f8: 8408 2407 

  0x0000023a8955e2fc: ;   {other}
  0x0000023a8955e2fc: 0f1f 8400 | 6c1e 0016 | 488b 8424 | 0801 0000 

  0x0000023a8955e30c: ;   {metadata(method data for {method} {0x0000023a9d20e460} 'newInstance' '([Ljava/lang/Object;)Ljava/lang/Object;' in 'jdk/internal/reflect/DirectConstructorHandleAccessor')}
  0x0000023a8955e30c: 49b8 f0d3 | d69d 3a02 | 0000 4983 | 80e8 0100 

  0x0000023a8955e31c: ;   {metadata(method data for {method} {0x0000023a9d0cf710} 'append' '(Ljava/lang/String;)Ljava/lang/StringBuilder;' in 'java/lang/StringBuilder')}
  0x0000023a8955e31c: 0001 49b8 | 6872 329d | 3a02 0000 | 418b 90cc | 0000 0083 | c202 4189 | 90cc 0000 | 0081 e2fe 
  0x0000023a8955e33c: ff1f 0085 | d20f 846f | 0700 0048 | 8b84 2408 

  0x0000023a8955e34c: ;   {metadata(method data for {method} {0x0000023a9d0cf710} 'append' '(Ljava/lang/String;)Ljava/lang/StringBuilder;' in 'java/lang/StringBuilder')}
  0x0000023a8955e34c: 0100 0049 | b868 7232 | 9d3a 0200 | 0049 8380 | 1001 0000 

  0x0000023a8955e360: ;   {oop(" expected: "{0x0000000080001d68})}
  0x0000023a8955e360: 0149 b868 | 1d00 8000 | 0000 0048 | 8b94 2408 | 0100 000f 

  0x0000023a8955e374: ;   {optimized virtual_call}
  0x0000023a8955e374: 1f40 00e8 

  0x0000023a8955e378: ; ImmutableOopMap {[160]=Oop [264]=Oop [280]=Oop }
                      ;*invokespecial append {reexecute=0 rethrow=0 return_oop=0}
                      ; - java.lang.StringBuilder::append@2
                      ; - jdk.internal.reflect.DirectConstructorHandleAccessor::newInstance@41
  0x0000023a8955e378: 0408 2407 

  0x0000023a8955e37c: ;   {other}
  0x0000023a8955e37c: 0f1f 8400 | ec1e 0017 | 488b 9424 | a000 0000 | 448b 420c | 488b 8424 | 0801 0000 

  0x0000023a8955e398: ;   {metadata(method data for {method} {0x0000023a9d20e460} 'newInstance' '([Ljava/lang/Object;)Ljava/lang/Object;' in 'jdk/internal/reflect/DirectConstructorHandleAccessor')}
  0x0000023a8955e398: 48ba f0d3 | d69d 3a02 | 0000 4883 | 8220 0200 

  0x0000023a8955e3a8: ;   {metadata(method data for {method} {0x0000023a9d0cfcd0} 'append' '(I)Ljava/lang/StringBuilder;' in 'java/lang/StringBuilder')}
  0x0000023a8955e3a8: 0001 48ba | 8078 329d | 3a02 0000 | 8bb2 cc00 | 0000 83c6 | 0289 b2cc | 0000 0081 | e6fe ff1f 
  0x0000023a8955e3c8: 0085 f60f | 8406 0700 | 0048 8b84 | 2408 0100 

  0x0000023a8955e3d8: ;   {metadata(method data for {method} {0x0000023a9d0cfcd0} 'append' '(I)Ljava/lang/StringBuilder;' in 'java/lang/StringBuilder')}
  0x0000023a8955e3d8: 0048 ba80 | 7832 9d3a | 0200 0048 | 8382 1001 | 0000 0148 | 8b94 2408 | 0100 000f 

  0x0000023a8955e3f4: ;   {optimized virtual_call}
  0x0000023a8955e3f4: 1f40 00e8 

  0x0000023a8955e3f8: ; ImmutableOopMap {[264]=Oop [280]=Oop }
                      ;*invokespecial append {reexecute=0 rethrow=0 return_oop=0}
                      ; - java.lang.StringBuilder::append@2
                      ; - jdk.internal.reflect.DirectConstructorHandleAccessor::newInstance@48
  0x0000023a8955e3f8: 8407 2407 

  0x0000023a8955e3fc: ;   {other}
  0x0000023a8955e3fc: 0f1f 8400 | 6c1f 0018 | 488b 8424 | 0801 0000 

  0x0000023a8955e40c: ;   {metadata(method data for {method} {0x0000023a9d20e460} 'newInstance' '([Ljava/lang/Object;)Ljava/lang/Object;' in 'jdk/internal/reflect/DirectConstructorHandleAccessor')}
  0x0000023a8955e40c: 48ba f0d3 | d69d 3a02 | 0000 4883 | 8258 0200 

  0x0000023a8955e41c: ;   {metadata(method data for {method} {0x0000023a9d0d1000} 'toString' '()Ljava/lang/String;' in 'java/lang/StringBuilder')}
  0x0000023a8955e41c: 0001 48ba | a082 329d | 3a02 0000 | 8bb2 cc00 | 0000 83c6 | 0289 b2cc | 0000 0081 | e6fe ff1f 
  0x0000023a8955e43c: 0085 f60f | 84b3 0600 

  0x0000023a8955e444: ;   {metadata('java/lang/String')}
  0x0000023a8955e444: 0048 ba90 | 2004 0001 | 0000 0049 | 8b87 b801 | 0000 488d | 7818 493b | bfc8 0100 | 000f 87b2 
  0x0000023a8955e464: 0600 0049 | 89bf b801 | 0000 48c7 | 0001 0000 | 0048 8bca | 48c1 e903 | 8948 0848 | 33c9 8948 
  0x0000023a8955e484: 0c48 33c9 | 4889 4810 

  0x0000023a8955e48c: ;   {metadata(method data for {method} {0x0000023a9d0d1000} 'toString' '()Ljava/lang/String;' in 'java/lang/StringBuilder')}
  0x0000023a8955e48c: 4c8b c049 | b9a0 8232 | 9d3a 0200 | 0049 8381 | 1001 0000 

  0x0000023a8955e4a0: ;   {metadata(method data for {method} {0x0000023a9d009cc0} '<init>' '(Ljava/lang/StringBuilder;)V' in 'java/lang/String')}
  0x0000023a8955e4a0: 0149 b8e8 | 8332 9d3a | 0200 0045 | 8b88 cc00 | 0000 4183 | c102 4589 | 88cc 0000 | 0041 81e1 
  0x0000023a8955e4c0: feff 1f00 | 4585 c90f | 8459 0600 | 004c 8bc0 

  0x0000023a8955e4d0: ;   {metadata(method data for {method} {0x0000023a9d009cc0} '<init>' '(Ljava/lang/StringBuilder;)V' in 'java/lang/String')}
  0x0000023a8955e4d0: 49b9 e883 | 329d 3a02 | 0000 4983 | 8110 0100 | 0001 4c8b | 8424 0801 

  0x0000023a8955e4e8: ;   {oop(nullptr)}
  0x0000023a8955e4e8: 0000 49b9 | 0000 0000 | 0000 0000 | 488b d048 | 8984 2420 

  0x0000023a8955e4fc: ;   {optimized virtual_call}
  0x0000023a8955e4fc: 0100 00e8 

  0x0000023a8955e500: ; ImmutableOopMap {[280]=Oop [288]=Oop }
                      ;*invokespecial <init> {reexecute=0 rethrow=0 return_oop=0}
                      ; - java.lang.String::<init>@3
                      ; - java.lang.StringBuilder::toString@5
                      ; - jdk.internal.reflect.DirectConstructorHandleAccessor::newInstance@51
  0x0000023a8955e500: 7c06 2407 

  0x0000023a8955e504: ;   {other}
  0x0000023a8955e504: 0f1f 8400 | 7420 0019 | 488b 8424 | 1801 0000 

  0x0000023a8955e514: ;   {metadata(method data for {method} {0x0000023a9d20e460} 'newInstance' '([Ljava/lang/Object;)Ljava/lang/Object;' in 'jdk/internal/reflect/DirectConstructorHandleAccessor')}
  0x0000023a8955e514: 49b8 f0d3 | d69d 3a02 | 0000 4983 | 8090 0200 | 0001 4c8b | 8424 2001 | 0000 488b | 9424 1801 
  0x0000023a8955e534: ;   {optimized virtual_call}
  0x0000023a8955e534: 0000 90e8 

  0x0000023a8955e538: ; ImmutableOopMap {[280]=Oop }
                      ;*invokespecial <init> {reexecute=0 rethrow=0 return_oop=0}
                      ; - jdk.internal.reflect.DirectConstructorHandleAccessor::newInstance@54
  0x0000023a8955e538: 4406 2407 

  0x0000023a8955e53c: ;   {other}
  0x0000023a8955e53c: 0f1f 8400 | ac20 001a | 488b 8424 | 1801 0000 | e939 0600 | 0049 8b87 | 0005 0000 | 4d33 d24d 
  0x0000023a8955e55c: 8997 0005 | 0000 4d33 | d24d 8997 | 0805 0000 | 4c8b c090 

  0x0000023a8955e570: ;   {no_reloc}
  0x0000023a8955e570: e9e1 0500 | 0000 0000 | 0000 498b | 87b8 0100 | 0048 8d78 | 2849 3bbf | c801 0000 | 0f87 ce05 
  0x0000023a8955e590: 0000 4989 | bfb8 0100 | 0048 c700 | 0100 0000 | 488b ca48 | c1e9 0389 | 4808 4833 | c989 480c 
  0x0000023a8955e5b0: 4833 c948 | 8948 1048 | 8948 1848 | 8948 2048 

  0x0000023a8955e5c0: ;   {metadata(method data for {method} {0x0000023a9d20e460} 'newInstance' '([Ljava/lang/Object;)Ljava/lang/Object;' in 'jdk/internal/reflect/DirectConstructorHandleAccessor')}
  0x0000023a8955e5c0: 8bd0 48be | f0d3 d69d | 3a02 0000 | 4883 86c8 | 0300 0001 | 488b d048 | 8984 2428 

  0x0000023a8955e5dc: ;   {optimized virtual_call}
  0x0000023a8955e5dc: 0100 00e8 

  0x0000023a8955e5e0: ; ImmutableOopMap {[296]=Oop }
                      ;*invokespecial <init> {reexecute=0 rethrow=0 return_oop=0}
                      ; - jdk.internal.reflect.DirectConstructorHandleAccessor::newInstance@126
  0x0000023a8955e5e0: 9c05 2407 

  0x0000023a8955e5e4: ;   {other}
  0x0000023a8955e5e4: 0f1f 8400 | 5421 001b | 488b 8424 | 2801 0000 | e991 0500 

  0x0000023a8955e5f8: ;   {metadata({method} {0x0000023a9d20e460} 'newInstance' '([Ljava/lang/Object;)Ljava/lang/Object;' in 'jdk/internal/reflect/DirectConstructorHandleAccessor')}
  0x0000023a8955e5f8: 0049 ba58 | e420 9d3a | 0200 004c | 8954 2408 | 48c7 0424 | ffff ffff 

  0x0000023a8955e610: ;   {runtime_call counter_overflow Runtime1 stub}
  0x0000023a8955e610: e86b 1b2f 

  0x0000023a8955e614: ; ImmutableOopMap {rdx=Oop r8=Oop [160]=Oop }
                      ;*synchronization entry
                      ; - jdk.internal.reflect.DirectConstructorHandleAccessor::newInstance@-1
  0x0000023a8955e614: 07e9 d6e3 

  0x0000023a8955e618: ;   {runtime_call throw_null_pointer_exception Runtime1 stub}
  0x0000023a8955e618: ffff e801 

  0x0000023a8955e61c: ; ImmutableOopMap {rdx=Oop r8=Oop [160]=Oop }
                      ;*arraylength {reexecute=0 rethrow=0 return_oop=0}
                      ; - jdk.internal.reflect.DirectConstructorHandleAccessor::newInstance@5
                      ;   {metadata({method} {0x0000023a9d20e678} 'invokeImpl' '([Ljava/lang/Object;)Ljava/lang/Object;' in 'jdk/internal/reflect/DirectConstructorHandleAccessor')}
  0x0000023a8955e61c: b92e 0749 | ba70 e620 | 9d3a 0200 | 004c 8954 | 2408 48c7 | 0424 ffff 

  0x0000023a8955e634: ;   {runtime_call counter_overflow Runtime1 stub}
  0x0000023a8955e634: ffff e845 

  0x0000023a8955e638: ; ImmutableOopMap {rdx=Oop r8=Oop [160]=Oop }
                      ;*synchronization entry
                      ; - jdk.internal.reflect.DirectConstructorHandleAccessor::invokeImpl@-1
                      ; - jdk.internal.reflect.DirectConstructorHandleAccessor::newInstance@60
  0x0000023a8955e638: 1b2f 07e9 | 7fe4 ffff | 49b9 38e2 | 99d6 0000 | 0000 b800 

  0x0000023a8955e64c: ;   {runtime_call load_appendix_patching Runtime1 stub}
  0x0000023a8955e64c: 0f05 0ae8 

  0x0000023a8955e650: ; ImmutableOopMap {rdx=Oop r8=Oop rsi=Oop [160]=Oop }
                      ;*invokevirtual invokeExact {reexecute=1 rethrow=0 return_oop=0}
                      ; - (reexecute) jdk.internal.reflect.DirectConstructorHandleAccessor::invokeImpl@99
                      ; - jdk.internal.reflect.DirectConstructorHandleAccessor::newInstance@60
  0x0000023a8955e650: ac11 2f07 | e9f7 e4ff 

  0x0000023a8955e658: ;   {runtime_call throw_null_pointer_exception Runtime1 stub}
  0x0000023a8955e658: ffe8 c2b8 

  0x0000023a8955e65c: ; ImmutableOopMap {rdx=Oop r8=Oop rsi=Oop r9=Oop [160]=Oop }
                      ;*invokevirtual invokeExact {reexecute=0 rethrow=0 return_oop=0}
                      ; - jdk.internal.reflect.DirectConstructorHandleAccessor::invokeImpl@99
                      ; - jdk.internal.reflect.DirectConstructorHandleAccessor::newInstance@60
                      ;   {internal_word}
  0x0000023a8955e65c: 2e07 49ba | cdcc 5589 | 3a02 0000 | 4d89 9768 

  0x0000023a8955e66c: ;   {runtime_call SafepointBlob}
  0x0000023a8955e66c: 0400 00e9 | 0c75 2407 

  0x0000023a8955e674: ;   {runtime_call throw_null_pointer_exception Runtime1 stub}
  0x0000023a8955e674: e8a7 b82e 

  0x0000023a8955e678: ; ImmutableOopMap {rdx=Oop r8=Oop rbx=Oop [160]=Oop }
                      ;*aaload {reexecute=0 rethrow=0 return_oop=0}
                      ; - jdk.internal.reflect.DirectConstructorHandleAccessor::invokeImpl@81
                      ; - jdk.internal.reflect.DirectConstructorHandleAccessor::newInstance@60
                      ;   {runtime_call throw_null_pointer_exception Runtime1 stub}
  0x0000023a8955e678: 07e8 a2b8 

  0x0000023a8955e67c: ; ImmutableOopMap {rdx=Oop r8=Oop rbx=Oop [160]=Oop }
                      ;*aaload {reexecute=0 rethrow=0 return_oop=0}
                      ; - jdk.internal.reflect.DirectConstructorHandleAccessor::invokeImpl@81
                      ; - jdk.internal.reflect.DirectConstructorHandleAccessor::newInstance@60
  0x0000023a8955e67c: 2e07 48c7 | 0424 0000 | 0000 4c89 

  0x0000023a8955e688: ;   {runtime_call throw_range_check_failed Runtime1 stub}
  0x0000023a8955e688: 4424 08e8 

  0x0000023a8955e68c: ; ImmutableOopMap {rdx=Oop r8=Oop rbx=Oop [160]=Oop }
                      ;*aaload {reexecute=0 rethrow=0 return_oop=0}
                      ; - jdk.internal.reflect.DirectConstructorHandleAccessor::invokeImpl@81
                      ; - jdk.internal.reflect.DirectConstructorHandleAccessor::newInstance@60
  0x0000023a8955e68c: 90af 2e07 | 48c7 0424 | 0100 0000 | 4c89 4424 

  0x0000023a8955e69c: ;   {runtime_call throw_range_check_failed Runtime1 stub}
  0x0000023a8955e69c: 08e8 7eaf 

  0x0000023a8955e6a0: ; ImmutableOopMap {rdx=Oop r8=Oop rbx=Oop r9=Oop [160]=Oop }
                      ;*aaload {reexecute=0 rethrow=0 return_oop=0}
                      ; - jdk.internal.reflect.DirectConstructorHandleAccessor::invokeImpl@84
                      ; - jdk.internal.reflect.DirectConstructorHandleAccessor::newInstance@60
  0x0000023a8955e6a0: 2e07 48c7 | 0424 0200 | 0000 4c89 

  0x0000023a8955e6ac: ;   {runtime_call throw_range_check_failed Runtime1 stub}
  0x0000023a8955e6ac: 4424 08e8 

  0x0000023a8955e6b0: ; ImmutableOopMap {rdx=Oop r8=Oop rbx=Oop r9=Oop rdi=Oop [160]=Oop }
                      ;*aaload {reexecute=0 rethrow=0 return_oop=0}
                      ; - jdk.internal.reflect.DirectConstructorHandleAccessor::invokeImpl@87
                      ; - jdk.internal.reflect.DirectConstructorHandleAccessor::newInstance@60
  0x0000023a8955e6b0: 6caf 2e07 | 48b8 0000 | 0000 0000 | 0000 b800 

  0x0000023a8955e6c0: ;   {runtime_call load_appendix_patching Runtime1 stub}
  0x0000023a8955e6c0: 0f05 0ae8 

  0x0000023a8955e6c4: ; ImmutableOopMap {rdx=Oop rbx=Oop r9=Oop rdi=Oop rsi=Oop [160]=Oop }
                      ;*invokevirtual invokeExact {reexecute=1 rethrow=0 return_oop=0}
                      ; - (reexecute) jdk.internal.reflect.DirectConstructorHandleAccessor::invokeImpl@88
                      ; - jdk.internal.reflect.DirectConstructorHandleAccessor::newInstance@60
  0x0000023a8955e6c4: 3811 2f07 | e943 e6ff 

  0x0000023a8955e6cc: ;   {runtime_call throw_null_pointer_exception Runtime1 stub}
  0x0000023a8955e6cc: ffe8 4eb8 

  0x0000023a8955e6d0: ; ImmutableOopMap {rdx=Oop rbx=Oop r9=Oop rdi=Oop rsi=Oop rax=Oop [160]=Oop }
                      ;*invokevirtual invokeExact {reexecute=0 rethrow=0 return_oop=0}
                      ; - jdk.internal.reflect.DirectConstructorHandleAccessor::invokeImpl@88
                      ; - jdk.internal.reflect.DirectConstructorHandleAccessor::newInstance@60
                      ;   {internal_word}
  0x0000023a8955e6d0: 2e07 49ba | fbce 5589 | 3a02 0000 | 4d89 9768 

  0x0000023a8955e6e0: ;   {runtime_call SafepointBlob}
  0x0000023a8955e6e0: 0400 00e9 | 9874 2407 

  0x0000023a8955e6e8: ;   {runtime_call throw_null_pointer_exception Runtime1 stub}
  0x0000023a8955e6e8: e833 b82e 

  0x0000023a8955e6ec: ; ImmutableOopMap {rdx=Oop r8=Oop rsi=Oop [160]=Oop [184]=Oop }
                      ;*aaload {reexecute=0 rethrow=0 return_oop=0}
                      ; - jdk.internal.reflect.DirectConstructorHandleAccessor::invokeImpl@65
                      ; - jdk.internal.reflect.DirectConstructorHandleAccessor::newInstance@60
                      ;   {runtime_call throw_null_pointer_exception Runtime1 stub}
  0x0000023a8955e6ec: 07e8 2eb8 

  0x0000023a8955e6f0: ; ImmutableOopMap {rdx=Oop r8=Oop rsi=Oop [160]=Oop [184]=Oop }
                      ;*aaload {reexecute=0 rethrow=0 return_oop=0}
                      ; - jdk.internal.reflect.DirectConstructorHandleAccessor::invokeImpl@65
                      ; - jdk.internal.reflect.DirectConstructorHandleAccessor::newInstance@60
  0x0000023a8955e6f0: 2e07 48c7 | 0424 0000 | 0000 4c89 

  0x0000023a8955e6fc: ;   {runtime_call throw_range_check_failed Runtime1 stub}
  0x0000023a8955e6fc: 4424 08e8 

  0x0000023a8955e700: ; ImmutableOopMap {rdx=Oop r8=Oop rsi=Oop [160]=Oop [184]=Oop }
                      ;*aaload {reexecute=0 rethrow=0 return_oop=0}
                      ; - jdk.internal.reflect.DirectConstructorHandleAccessor::invokeImpl@65
                      ; - jdk.internal.reflect.DirectConstructorHandleAccessor::newInstance@60
  0x0000023a8955e700: 1caf 2e07 | 48c7 0424 | 0100 0000 | 4c89 4424 

  0x0000023a8955e710: ;   {runtime_call throw_range_check_failed Runtime1 stub}
  0x0000023a8955e710: 08e8 0aaf 

  0x0000023a8955e714: ; ImmutableOopMap {rdx=Oop r8=Oop rsi=Oop rdi=Oop [160]=Oop [168]=Oop [184]=Oop }
                      ;*aaload {reexecute=0 rethrow=0 return_oop=0}
                      ; - jdk.internal.reflect.DirectConstructorHandleAccessor::invokeImpl@68
                      ; - jdk.internal.reflect.DirectConstructorHandleAccessor::newInstance@60
                      ;   {metadata({method} {0x0000023a9d435b60} 'invokeExact_MT' '(Ljava/lang/Object;Ljava/lang/Object;Ljava/lang/Object;Ljava/lang/Object;)Ljava/lang/Object;' in 'java/lang/invoke/Invokers$Holder')}
  0x0000023a8955e714: 2e07 49ba | 585b 439d | 3a02 0000 | 4c89 5424 | 0848 c704 | 24ff ffff 

  0x0000023a8955e72c: ;   {runtime_call counter_overflow Runtime1 stub}
  0x0000023a8955e72c: ffe8 4e1a 

  0x0000023a8955e730: ; ImmutableOopMap {rdx=Oop rsi=Oop rdi=Oop rbx=Oop [160]=Oop [168]=Oop [176]=Oop [184]=Oop }
                      ;*synchronization entry
                      ; - java.lang.invoke.Invokers$Holder::invokeExact_MT@-1
                      ; - jdk.internal.reflect.DirectConstructorHandleAccessor::invokeImpl@69
                      ; - jdk.internal.reflect.DirectConstructorHandleAccessor::newInstance@60
  0x0000023a8955e730: 2f07 e91e 

  0x0000023a8955e734: ;   {metadata({method} {0x0000023a9d3ee710} 'checkExactType' '(Ljava/lang/invoke/MethodHandle;Ljava/lang/invoke/MethodType;)V' in 'java/lang/invoke/Invokers')}
  0x0000023a8955e734: e9ff ff49 | ba08 e73e | 9d3a 0200 | 004c 8954 | 2408 48c7 | 0424 ffff 

  0x0000023a8955e74c: ;   {runtime_call counter_overflow Runtime1 stub}
  0x0000023a8955e74c: ffff e82d 

  0x0000023a8955e750: ; ImmutableOopMap {rdx=Oop rsi=Oop rdi=Oop rbx=Oop rcx=Oop [160]=Oop [168]=Oop [176]=Oop [184]=Oop }
                      ;*synchronization entry
                      ; - java.lang.invoke.Invokers::checkExactType@-1
                      ; - java.lang.invoke.Invokers$Holder::invokeExact_MT@10
                      ; - jdk.internal.reflect.DirectConstructorHandleAccessor::invokeImpl@69
                      ; - jdk.internal.reflect.DirectConstructorHandleAccessor::newInstance@60
  0x0000023a8955e750: 1a2f 07e9 | 9be9 ffff 

  0x0000023a8955e758: ;   {runtime_call throw_null_pointer_exception Runtime1 stub}
  0x0000023a8955e758: e8c3 b72e 

  0x0000023a8955e75c: ; ImmutableOopMap {rdx=Oop rsi=Oop rdi=Oop rbx=Oop rcx=Oop [160]=Oop [168]=Oop [176]=Oop [184]=Oop }
                      ;*invokevirtual type {reexecute=0 rethrow=0 return_oop=0}
                      ; - java.lang.invoke.Invokers::checkExactType@1
                      ; - java.lang.invoke.Invokers$Holder::invokeExact_MT@10
                      ; - jdk.internal.reflect.DirectConstructorHandleAccessor::invokeImpl@69
                      ; - jdk.internal.reflect.DirectConstructorHandleAccessor::newInstance@60
                      ;   {metadata({method} {0x0000023a9d3eee68} 'checkCustomized' '(Ljava/lang/invoke/MethodHandle;)V' in 'java/lang/invoke/Invokers')}
  0x0000023a8955e75c: 0749 ba60 | ee3e 9d3a | 0200 004c | 8954 2408 | 48c7 0424 | ffff ffff 

  0x0000023a8955e774: ;   {runtime_call counter_overflow Runtime1 stub}
  0x0000023a8955e774: e807 1a2f 

  0x0000023a8955e778: ; ImmutableOopMap {rdx=Oop rsi=Oop rdi=Oop rbx=Oop [160]=Oop [168]=Oop [176]=Oop [184]=Oop }
                      ;*synchronization entry
                      ; - java.lang.invoke.Invokers::checkCustomized@-1
                      ; - java.lang.invoke.Invokers$Holder::invokeExact_MT@14
                      ; - jdk.internal.reflect.DirectConstructorHandleAccessor::invokeImpl@69
                      ; - jdk.internal.reflect.DirectConstructorHandleAccessor::newInstance@60
  0x0000023a8955e778: 07e9 9fea 

  0x0000023a8955e77c: ;   {metadata({method} {0x0000023a9d3bf4c8} 'isCompileConstant' '(Ljava/lang/Object;)Z' in 'java/lang/invoke/MethodHandleImpl')}
  0x0000023a8955e77c: ffff 49ba | c0f4 3b9d | 3a02 0000 | 4c89 5424 | 0848 c704 | 24ff ffff 

  0x0000023a8955e794: ;   {runtime_call counter_overflow Runtime1 stub}
  0x0000023a8955e794: ffe8 e619 

  0x0000023a8955e798: ; ImmutableOopMap {rdx=Oop rsi=Oop rdi=Oop rbx=Oop [160]=Oop [168]=Oop [176]=Oop [184]=Oop }
                      ;*synchronization entry
                      ; - java.lang.invoke.MethodHandleImpl::isCompileConstant@-1
                      ; - java.lang.invoke.Invokers::checkCustomized@1
                      ; - java.lang.invoke.Invokers$Holder::invokeExact_MT@14
                      ; - jdk.internal.reflect.DirectConstructorHandleAccessor::invokeImpl@69
                      ; - jdk.internal.reflect.DirectConstructorHandleAccessor::newInstance@60
  0x0000023a8955e798: 2f07 e9b7 

  0x0000023a8955e79c: ;   {runtime_call throw_null_pointer_exception Runtime1 stub}
  0x0000023a8955e79c: eaff ffe8 

  0x0000023a8955e7a0: ; ImmutableOopMap {rdx=Oop rsi=Oop rdi=Oop rbx=Oop [160]=Oop [168]=Oop [176]=Oop [184]=Oop }
                      ;*getfield customized {reexecute=1 rethrow=0 return_oop=0}
                      ; - (reexecute) java.lang.invoke.Invokers::checkCustomized@12
                      ; - java.lang.invoke.Invokers$Holder::invokeExact_MT@14
                      ; - jdk.internal.reflect.DirectConstructorHandleAccessor::invokeImpl@69
                      ; - jdk.internal.reflect.DirectConstructorHandleAccessor::newInstance@60
  0x0000023a8955e7a0: 7cb7 2e07 

  0x0000023a8955e7a4: ;   {internal_word}
  0x0000023a8955e7a4: 49ba 58d4 | 5589 3a02 | 0000 4d89 | 9768 0400 

  0x0000023a8955e7b4: ;   {runtime_call SafepointBlob}
  0x0000023a8955e7b4: 00e9 c673 

  0x0000023a8955e7b8: ;   {runtime_call throw_null_pointer_exception Runtime1 stub}
  0x0000023a8955e7b8: 2407 e861 

  0x0000023a8955e7bc: ; ImmutableOopMap {rdx=Oop r8=Oop rsi=Oop [160]=Oop [200]=Oop }
                      ;*aaload {reexecute=0 rethrow=0 return_oop=0}
                      ; - jdk.internal.reflect.DirectConstructorHandleAccessor::invokeImpl@52
                      ; - jdk.internal.reflect.DirectConstructorHandleAccessor::newInstance@60
                      ;   {runtime_call throw_null_pointer_exception Runtime1 stub}
  0x0000023a8955e7bc: b72e 07e8 

  0x0000023a8955e7c0: ; ImmutableOopMap {rdx=Oop r8=Oop rsi=Oop [160]=Oop [200]=Oop }
                      ;*aaload {reexecute=0 rethrow=0 return_oop=0}
                      ; - jdk.internal.reflect.DirectConstructorHandleAccessor::invokeImpl@52
                      ; - jdk.internal.reflect.DirectConstructorHandleAccessor::newInstance@60
  0x0000023a8955e7c0: 5cb7 2e07 | 48c7 0424 | 0000 0000 | 4c89 4424 

  0x0000023a8955e7d0: ;   {runtime_call throw_range_check_failed Runtime1 stub}
  0x0000023a8955e7d0: 08e8 4aae 

  0x0000023a8955e7d4: ; ImmutableOopMap {rdx=Oop r8=Oop rsi=Oop [160]=Oop [200]=Oop }
                      ;*aaload {reexecute=0 rethrow=0 return_oop=0}
                      ; - jdk.internal.reflect.DirectConstructorHandleAccessor::invokeImpl@52
                      ; - jdk.internal.reflect.DirectConstructorHandleAccessor::newInstance@60
                      ;   {metadata({method} {0x0000023a9d4357c8} 'invokeExact_MT' '(Ljava/lang/Object;Ljava/lang/Object;Ljava/lang/Object;)Ljava/lang/Object;' in 'java/lang/invoke/Invokers$Holder')}
  0x0000023a8955e7d4: 2e07 49ba | c057 439d | 3a02 0000 | 4c89 5424 | 0848 c704 | 24ff ffff 

  0x0000023a8955e7ec: ;   {runtime_call counter_overflow Runtime1 stub}
  0x0000023a8955e7ec: ffe8 8e19 

  0x0000023a8955e7f0: ; ImmutableOopMap {rdx=Oop rsi=Oop rdi=Oop [160]=Oop [192]=Oop [200]=Oop }
                      ;*synchronization entry
                      ; - java.lang.invoke.Invokers$Holder::invokeExact_MT@-1
                      ; - jdk.internal.reflect.DirectConstructorHandleAccessor::invokeImpl@53
                      ; - jdk.internal.reflect.DirectConstructorHandleAccessor::newInstance@60
  0x0000023a8955e7f0: 2f07 e95c 

  0x0000023a8955e7f4: ;   {metadata({method} {0x0000023a9d3ee710} 'checkExactType' '(Ljava/lang/invoke/MethodHandle;Ljava/lang/invoke/MethodType;)V' in 'java/lang/invoke/Invokers')}
  0x0000023a8955e7f4: edff ff49 | ba08 e73e | 9d3a 0200 | 004c 8954 | 2408 48c7 | 0424 ffff 

  0x0000023a8955e80c: ;   {runtime_call counter_overflow Runtime1 stub}
  0x0000023a8955e80c: ffff e86d 

  0x0000023a8955e810: ; ImmutableOopMap {rdx=Oop rsi=Oop rdi=Oop rax=Oop [160]=Oop [192]=Oop [200]=Oop }
                      ;*synchronization entry
                      ; - java.lang.invoke.Invokers::checkExactType@-1
                      ; - java.lang.invoke.Invokers$Holder::invokeExact_MT@10
                      ; - jdk.internal.reflect.DirectConstructorHandleAccessor::invokeImpl@53
                      ; - jdk.internal.reflect.DirectConstructorHandleAccessor::newInstance@60
  0x0000023a8955e810: 192f 07e9 | b1ed ffff 

  0x0000023a8955e818: ;   {runtime_call throw_null_pointer_exception Runtime1 stub}
  0x0000023a8955e818: e803 b72e 

  0x0000023a8955e81c: ; ImmutableOopMap {rdx=Oop rsi=Oop rdi=Oop rax=Oop [160]=Oop [192]=Oop [200]=Oop }
                      ;*invokevirtual type {reexecute=0 rethrow=0 return_oop=0}
                      ; - java.lang.invoke.Invokers::checkExactType@1
                      ; - java.lang.invoke.Invokers$Holder::invokeExact_MT@10
                      ; - jdk.internal.reflect.DirectConstructorHandleAccessor::invokeImpl@53
                      ; - jdk.internal.reflect.DirectConstructorHandleAccessor::newInstance@60
                      ;   {metadata({method} {0x0000023a9d3eee68} 'checkCustomized' '(Ljava/lang/invoke/MethodHandle;)V' in 'java/lang/invoke/Invokers')}
  0x0000023a8955e81c: 0749 ba60 | ee3e 9d3a | 0200 004c | 8954 2408 | 48c7 0424 | ffff ffff 

  0x0000023a8955e834: ;   {runtime_call counter_overflow Runtime1 stub}
  0x0000023a8955e834: e847 192f 

  0x0000023a8955e838: ; ImmutableOopMap {rdx=Oop rsi=Oop rdi=Oop [160]=Oop [192]=Oop [200]=Oop }
                      ;*synchronization entry
                      ; - java.lang.invoke.Invokers::checkCustomized@-1
                      ; - java.lang.invoke.Invokers$Holder::invokeExact_MT@14
                      ; - jdk.internal.reflect.DirectConstructorHandleAccessor::invokeImpl@53
                      ; - jdk.internal.reflect.DirectConstructorHandleAccessor::newInstance@60
  0x0000023a8955e838: 07e9 82ee 

  0x0000023a8955e83c: ;   {metadata({method} {0x0000023a9d3bf4c8} 'isCompileConstant' '(Ljava/lang/Object;)Z' in 'java/lang/invoke/MethodHandleImpl')}
  0x0000023a8955e83c: ffff 49ba | c0f4 3b9d | 3a02 0000 | 4c89 5424 | 0848 c704 | 24ff ffff 

  0x0000023a8955e854: ;   {runtime_call counter_overflow Runtime1 stub}
  0x0000023a8955e854: ffe8 2619 

  0x0000023a8955e858: ; ImmutableOopMap {rdx=Oop rsi=Oop rdi=Oop [160]=Oop [192]=Oop [200]=Oop }
                      ;*synchronization entry
                      ; - java.lang.invoke.MethodHandleImpl::isCompileConstant@-1
                      ; - java.lang.invoke.Invokers::checkCustomized@1
                      ; - java.lang.invoke.Invokers$Holder::invokeExact_MT@14
                      ; - jdk.internal.reflect.DirectConstructorHandleAccessor::invokeImpl@53
                      ; - jdk.internal.reflect.DirectConstructorHandleAccessor::newInstance@60
  0x0000023a8955e858: 2f07 e999 

  0x0000023a8955e85c: ;   {runtime_call throw_null_pointer_exception Runtime1 stub}
  0x0000023a8955e85c: eeff ffe8 

  0x0000023a8955e860: ; ImmutableOopMap {rdx=Oop rsi=Oop rdi=Oop [160]=Oop [192]=Oop [200]=Oop }
                      ;*getfield customized {reexecute=1 rethrow=0 return_oop=0}
                      ; - (reexecute) java.lang.invoke.Invokers::checkCustomized@12
                      ; - java.lang.invoke.Invokers$Holder::invokeExact_MT@14
                      ; - jdk.internal.reflect.DirectConstructorHandleAccessor::invokeImpl@53
                      ; - jdk.internal.reflect.DirectConstructorHandleAccessor::newInstance@60
  0x0000023a8955e860: bcb6 2e07 

  0x0000023a8955e864: ;   {internal_word}
  0x0000023a8955e864: 49ba 5bd8 | 5589 3a02 | 0000 4d89 | 9768 0400 

  0x0000023a8955e874: ;   {runtime_call SafepointBlob}
  0x0000023a8955e874: 00e9 0673 

  0x0000023a8955e878: ;   {metadata({method} {0x0000023a9d436a58} 'invokeExact_MT' '(Ljava/lang/Object;Ljava/lang/Object;)Ljava/lang/Object;' in 'java/lang/invoke/Invokers$Holder')}
  0x0000023a8955e878: 2407 49ba | 506a 439d | 3a02 0000 | 4c89 5424 | 0848 c704 | 24ff ffff 

  0x0000023a8955e890: ;   {runtime_call counter_overflow Runtime1 stub}
  0x0000023a8955e890: ffe8 ea18 

  0x0000023a8955e894: ; ImmutableOopMap {rdx=Oop rsi=Oop rbx=Oop [160]=Oop [208]=Oop }
                      ;*synchronization entry
                      ; - java.lang.invoke.Invokers$Holder::invokeExact_MT@-1
                      ; - jdk.internal.reflect.DirectConstructorHandleAccessor::invokeImpl@40
                      ; - jdk.internal.reflect.DirectConstructorHandleAccessor::newInstance@60
  0x0000023a8955e894: 2f07 e96d 

  0x0000023a8955e898: ;   {metadata({method} {0x0000023a9d3ee710} 'checkExactType' '(Ljava/lang/invoke/MethodHandle;Ljava/lang/invoke/MethodType;)V' in 'java/lang/invoke/Invokers')}
  0x0000023a8955e898: f0ff ff49 | ba08 e73e | 9d3a 0200 | 004c 8954 | 2408 48c7 | 0424 ffff 

  0x0000023a8955e8b0: ;   {runtime_call counter_overflow Runtime1 stub}
  0x0000023a8955e8b0: ffff e8c9 

  0x0000023a8955e8b4: ; ImmutableOopMap {rdx=Oop rsi=Oop rbx=Oop [160]=Oop [208]=Oop }
                      ;*synchronization entry
                      ; - java.lang.invoke.Invokers::checkExactType@-1
                      ; - java.lang.invoke.Invokers$Holder::invokeExact_MT@10
                      ; - jdk.internal.reflect.DirectConstructorHandleAccessor::invokeImpl@40
                      ; - jdk.internal.reflect.DirectConstructorHandleAccessor::newInstance@60
  0x0000023a8955e8b4: 182f 07e9 | d8f0 ffff 

  0x0000023a8955e8bc: ;   {runtime_call throw_null_pointer_exception Runtime1 stub}
  0x0000023a8955e8bc: e85f b62e 

  0x0000023a8955e8c0: ; ImmutableOopMap {rdx=Oop rsi=Oop rbx=Oop [160]=Oop [208]=Oop }
                      ;*invokevirtual type {reexecute=0 rethrow=0 return_oop=0}
                      ; - java.lang.invoke.Invokers::checkExactType@1
                      ; - java.lang.invoke.Invokers$Holder::invokeExact_MT@10
                      ; - jdk.internal.reflect.DirectConstructorHandleAccessor::invokeImpl@40
                      ; - jdk.internal.reflect.DirectConstructorHandleAccessor::newInstance@60
                      ;   {metadata({method} {0x0000023a9d3eee68} 'checkCustomized' '(Ljava/lang/invoke/MethodHandle;)V' in 'java/lang/invoke/Invokers')}
  0x0000023a8955e8c0: 0749 ba60 | ee3e 9d3a | 0200 004c | 8954 2408 | 48c7 0424 | ffff ffff 

  0x0000023a8955e8d8: ;   {runtime_call counter_overflow Runtime1 stub}
  0x0000023a8955e8d8: e8a3 182f 

  0x0000023a8955e8dc: ; ImmutableOopMap {rdx=Oop rsi=Oop [160]=Oop [208]=Oop }
                      ;*synchronization entry
                      ; - java.lang.invoke.Invokers::checkCustomized@-1
                      ; - java.lang.invoke.Invokers$Holder::invokeExact_MT@14
                      ; - jdk.internal.reflect.DirectConstructorHandleAccessor::invokeImpl@40
                      ; - jdk.internal.reflect.DirectConstructorHandleAccessor::newInstance@60
  0x0000023a8955e8dc: 07e9 dcf1 

  0x0000023a8955e8e0: ;   {metadata({method} {0x0000023a9d3bf4c8} 'isCompileConstant' '(Ljava/lang/Object;)Z' in 'java/lang/invoke/MethodHandleImpl')}
  0x0000023a8955e8e0: ffff 49ba | c0f4 3b9d | 3a02 0000 | 4c89 5424 | 0848 c704 | 24ff ffff 

  0x0000023a8955e8f8: ;   {runtime_call counter_overflow Runtime1 stub}
  0x0000023a8955e8f8: ffe8 8218 

  0x0000023a8955e8fc: ; ImmutableOopMap {rdx=Oop rsi=Oop [160]=Oop [208]=Oop }
                      ;*synchronization entry
                      ; - java.lang.invoke.MethodHandleImpl::isCompileConstant@-1
                      ; - java.lang.invoke.Invokers::checkCustomized@1
                      ; - java.lang.invoke.Invokers$Holder::invokeExact_MT@14
                      ; - jdk.internal.reflect.DirectConstructorHandleAccessor::invokeImpl@40
                      ; - jdk.internal.reflect.DirectConstructorHandleAccessor::newInstance@60
  0x0000023a8955e8fc: 2f07 e9f4 

  0x0000023a8955e900: ;   {runtime_call throw_null_pointer_exception Runtime1 stub}
  0x0000023a8955e900: f1ff ffe8 

  0x0000023a8955e904: ; ImmutableOopMap {rdx=Oop rsi=Oop [160]=Oop [208]=Oop }
                      ;*getfield customized {reexecute=1 rethrow=0 return_oop=0}
                      ; - (reexecute) java.lang.invoke.Invokers::checkCustomized@12
                      ; - java.lang.invoke.Invokers$Holder::invokeExact_MT@14
                      ; - jdk.internal.reflect.DirectConstructorHandleAccessor::invokeImpl@40
                      ; - jdk.internal.reflect.DirectConstructorHandleAccessor::newInstance@60
  0x0000023a8955e904: 18b6 2e07 

  0x0000023a8955e908: ;   {internal_word}
  0x0000023a8955e908: 49ba 2cdc | 5589 3a02 | 0000 4d89 | 9768 0400 

  0x0000023a8955e918: ;   {runtime_call SafepointBlob}
  0x0000023a8955e918: 00e9 6272 

  0x0000023a8955e91c: ;   {runtime_call throw_null_pointer_exception Runtime1 stub}
  0x0000023a8955e91c: 2407 e8fd 

  0x0000023a8955e920: ; ImmutableOopMap {rax=Oop [160]=Oop [208]=Oop }
                      ;*athrow {reexecute=1 rethrow=0 return_oop=0}
                      ; - (reexecute) java.lang.invoke.Invokers::checkExactType@15
                      ; - java.lang.invoke.Invokers$Holder::invokeExact_MT@10
                      ; - jdk.internal.reflect.DirectConstructorHandleAccessor::invokeImpl@40
                      ; - jdk.internal.reflect.DirectConstructorHandleAccessor::newInstance@60
                      ;   {runtime_call throw_null_pointer_exception Runtime1 stub}
  0x0000023a8955e920: b52e 07e8 

  0x0000023a8955e924: ; ImmutableOopMap {rax=Oop [160]=Oop [192]=Oop [200]=Oop }
                      ;*athrow {reexecute=1 rethrow=0 return_oop=0}
                      ; - (reexecute) java.lang.invoke.Invokers::checkExactType@15
                      ; - java.lang.invoke.Invokers$Holder::invokeExact_MT@10
                      ; - jdk.internal.reflect.DirectConstructorHandleAccessor::invokeImpl@53
                      ; - jdk.internal.reflect.DirectConstructorHandleAccessor::newInstance@60
  0x0000023a8955e924: f8b5 2e07 

  0x0000023a8955e928: ;   {runtime_call throw_null_pointer_exception Runtime1 stub}
  0x0000023a8955e928: e8f3 b52e 

  0x0000023a8955e92c: ; ImmutableOopMap {rax=Oop [160]=Oop [168]=Oop [176]=Oop [184]=Oop }
                      ;*athrow {reexecute=1 rethrow=0 return_oop=0}
                      ; - (reexecute) java.lang.invoke.Invokers::checkExactType@15
                      ; - java.lang.invoke.Invokers$Holder::invokeExact_MT@10
                      ; - jdk.internal.reflect.DirectConstructorHandleAccessor::invokeImpl@69
                      ; - jdk.internal.reflect.DirectConstructorHandleAccessor::newInstance@60
                      ;   {metadata({method} {0x0000023a9d20e558} 'isIllegalArgument' '(Ljava/lang/RuntimeException;)Z' in 'jdk/internal/reflect/DirectConstructorHandleAccessor')}
  0x0000023a8955e92c: 0749 ba50 | e520 9d3a | 0200 004c | 8954 2408 | 48c7 0424 | ffff ffff 

  0x0000023a8955e944: ;   {runtime_call counter_overflow Runtime1 stub}
  0x0000023a8955e944: e837 182f 

  0x0000023a8955e948: ; ImmutableOopMap {rax=Oop }
                      ;*synchronization entry
                      ; - jdk.internal.reflect.DirectConstructorHandleAccessor::isIllegalArgument@-1
                      ; - jdk.internal.reflect.DirectConstructorHandleAccessor::newInstance@96
  0x0000023a8955e948: 07e9 12f4 

  0x0000023a8955e94c: ;   {metadata({method} {0x0000023a9d20e558} 'isIllegalArgument' '(Ljava/lang/RuntimeException;)Z' in 'jdk/internal/reflect/DirectConstructorHandleAccessor')}
  0x0000023a8955e94c: ffff 49ba | 50e5 209d | 3a02 0000 | 4c89 5424 | 0848 c704 | 24ff ffff 

  0x0000023a8955e964: ;   {runtime_call counter_overflow Runtime1 stub}
  0x0000023a8955e964: ffe8 1618 

  0x0000023a8955e968: ; ImmutableOopMap {rax=Oop }
                      ;*synchronization entry
                      ; - jdk.internal.reflect.DirectConstructorHandleAccessor::isIllegalArgument@-1
                      ; - jdk.internal.reflect.DirectConstructorHandleAccessor::newInstance@67
  0x0000023a8955e968: 2f07 e9ac 

  0x0000023a8955e96c: ;   {metadata(nullptr)}
  0x0000023a8955e96c: f4ff ff48 | ba00 0000 | 0000 0000 | 00b8 000f 

  0x0000023a8955e97c: ;   {runtime_call load_klass_patching Runtime1 stub}
  0x0000023a8955e97c: 050a e87d 

  0x0000023a8955e980: ; ImmutableOopMap {[224]=Oop }
                      ;*new {reexecute=1 rethrow=0 return_oop=0}
                      ; - (reexecute) jdk.internal.reflect.DirectConstructorHandleAccessor::newInstance@73
  0x0000023a8955e980: 012f 07e9 | f0f4 ffff 

  0x0000023a8955e988: ;   {runtime_call fast_new_instance Runtime1 stub}
  0x0000023a8955e988: 488b d2e8 

  0x0000023a8955e98c: ; ImmutableOopMap {[224]=Oop }
                      ;*new {reexecute=0 rethrow=0 return_oop=0}
                      ; - jdk.internal.reflect.DirectConstructorHandleAccessor::newInstance@73
  0x0000023a8955e98c: 70c0 2e07 | e932 f5ff 

  0x0000023a8955e994: ;   {metadata(nullptr)}
  0x0000023a8955e994: ff48 ba00 | 0000 0000 | 0000 00b8 | 000f 050a 

  0x0000023a8955e9a4: ;   {runtime_call load_klass_patching Runtime1 stub}
  0x0000023a8955e9a4: e857 012f 

  0x0000023a8955e9a8: ; ImmutableOopMap {r8=Oop }
                      ;*new {reexecute=1 rethrow=0 return_oop=0}
                      ; - (reexecute) jdk.internal.reflect.DirectConstructorHandleAccessor::newInstance@84
  0x0000023a8955e9a8: 07e9 7af5 | ffff 488b 

  0x0000023a8955e9b0: ;   {runtime_call fast_new_instance Runtime1 stub}
  0x0000023a8955e9b0: d2e8 4ac0 

  0x0000023a8955e9b4: ; ImmutableOopMap {r8=Oop }
                      ;*new {reexecute=0 rethrow=0 return_oop=0}
                      ; - jdk.internal.reflect.DirectConstructorHandleAccessor::newInstance@84
  0x0000023a8955e9b4: 2e07 e9bc 

  0x0000023a8955e9b8: ;   {metadata(nullptr)}
  0x0000023a8955e9b8: f5ff ff48 | ba00 0000 | 0000 0000 | 00b8 000f 

  0x0000023a8955e9c8: ;   {runtime_call load_klass_patching Runtime1 stub}
  0x0000023a8955e9c8: 050a e831 

  0x0000023a8955e9cc: ; ImmutableOopMap {[216]=Oop }
                      ;*new {reexecute=1 rethrow=0 return_oop=0}
                      ; - (reexecute) jdk.internal.reflect.DirectConstructorHandleAccessor::newInstance@102
  0x0000023a8955e9cc: 012f 07e9 | e4f5 ffff 

  0x0000023a8955e9d4: ;   {runtime_call fast_new_instance Runtime1 stub}
  0x0000023a8955e9d4: 488b d2e8 

  0x0000023a8955e9d8: ; ImmutableOopMap {[216]=Oop }
                      ;*new {reexecute=0 rethrow=0 return_oop=0}
                      ; - jdk.internal.reflect.DirectConstructorHandleAccessor::newInstance@102
  0x0000023a8955e9d8: 24c0 2e07 | e926 f6ff 

  0x0000023a8955e9e0: ;   {metadata(nullptr)}
  0x0000023a8955e9e0: ff48 ba00 | 0000 0000 | 0000 00b8 | 000f 050a 

  0x0000023a8955e9f0: ;   {runtime_call load_klass_patching Runtime1 stub}
  0x0000023a8955e9f0: e80b 012f 

  0x0000023a8955e9f4: ; ImmutableOopMap {r8=Oop }
                      ;*new {reexecute=1 rethrow=0 return_oop=0}
                      ; - (reexecute) jdk.internal.reflect.DirectConstructorHandleAccessor::newInstance@111
  0x0000023a8955e9f4: 07e9 5ef6 | ffff 488b 

  0x0000023a8955e9fc: ;   {runtime_call fast_new_instance Runtime1 stub}
  0x0000023a8955e9fc: d2e8 febf 

  0x0000023a8955ea00: ; ImmutableOopMap {r8=Oop }
                      ;*new {reexecute=0 rethrow=0 return_oop=0}
                      ; - jdk.internal.reflect.DirectConstructorHandleAccessor::newInstance@111
  0x0000023a8955ea00: 2e07 e9a0 

  0x0000023a8955ea04: ;   {metadata(nullptr)}
  0x0000023a8955ea04: f6ff ff48 | ba00 0000 | 0000 0000 | 00b8 000f 

  0x0000023a8955ea14: ;   {runtime_call load_klass_patching Runtime1 stub}
  0x0000023a8955ea14: 050a e8e5 

  0x0000023a8955ea18: ; ImmutableOopMap {[160]=Oop }
                      ;*new {reexecute=1 rethrow=0 return_oop=0}
                      ; - (reexecute) jdk.internal.reflect.DirectConstructorHandleAccessor::newInstance@19
  0x0000023a8955ea18: 002f 07e9 | d0f6 ffff 

  0x0000023a8955ea20: ;   {runtime_call fast_new_instance Runtime1 stub}
  0x0000023a8955ea20: 488b d2e8 

  0x0000023a8955ea24: ; ImmutableOopMap {[160]=Oop }
                      ;*new {reexecute=0 rethrow=0 return_oop=0}
                      ; - jdk.internal.reflect.DirectConstructorHandleAccessor::newInstance@19
  0x0000023a8955ea24: d8bf 2e07 | e912 f7ff 

  0x0000023a8955ea2c: ;   {metadata(nullptr)}
  0x0000023a8955ea2c: ff48 ba00 | 0000 0000 | 0000 00b8 | 000f 050a 

  0x0000023a8955ea3c: ;   {runtime_call load_klass_patching Runtime1 stub}
  0x0000023a8955ea3c: e8bf 002f 

  0x0000023a8955ea40: ; ImmutableOopMap {rax=Oop [160]=Oop }
                      ;*new {reexecute=1 rethrow=0 return_oop=0}
                      ; - (reexecute) jdk.internal.reflect.DirectConstructorHandleAccessor::newInstance@23
  0x0000023a8955ea40: 07e9 faf6 | ffff 488b 

  0x0000023a8955ea48: ;   {runtime_call fast_new_instance Runtime1 stub}
  0x0000023a8955ea48: d2e8 b2bf 

  0x0000023a8955ea4c: ; ImmutableOopMap {[160]=Oop [280]=Oop }
                      ;*new {reexecute=0 rethrow=0 return_oop=0}
                      ; - jdk.internal.reflect.DirectConstructorHandleAccessor::newInstance@23
  0x0000023a8955ea4c: 2e07 e93c 

  0x0000023a8955ea50: ;   {metadata({method} {0x0000023a9d0cf2a0} '<init>' '()V' in 'java/lang/StringBuilder')}
  0x0000023a8955ea50: f7ff ff49 | ba98 f20c | 9d3a 0200 | 004c 8954 | 2408 48c7 | 0424 ffff 

  0x0000023a8955ea68: ;   {runtime_call counter_overflow Runtime1 stub}
  0x0000023a8955ea68: ffff e811 

  0x0000023a8955ea6c: ; ImmutableOopMap {rax=Oop [160]=Oop [280]=Oop }
                      ;*synchronization entry
                      ; - java.lang.StringBuilder::<init>@-1
                      ; - jdk.internal.reflect.DirectConstructorHandleAccessor::newInstance@27
  0x0000023a8955ea6c: 172f 07e9 | 59f7 ffff 

  0x0000023a8955ea74: ;   {metadata({method} {0x0000023a9d0cf710} 'append' '(Ljava/lang/String;)Ljava/lang/StringBuilder;' in 'java/lang/StringBuilder')}
  0x0000023a8955ea74: 49ba 08f7 | 0c9d 3a02 | 0000 4c89 | 5424 0848 | c704 24ff 

  0x0000023a8955ea88: ;   {runtime_call counter_overflow Runtime1 stub}
  0x0000023a8955ea88: ffff ffe8 

  0x0000023a8955ea8c: ; ImmutableOopMap {[160]=Oop [264]=Oop [280]=Oop }
                      ;*synchronization entry
                      ; - java.lang.StringBuilder::append@-1
                      ; - jdk.internal.reflect.DirectConstructorHandleAccessor::newInstance@32
  0x0000023a8955ea8c: f016 2f07 | e9b2 f7ff 

  0x0000023a8955ea94: ;   {metadata({method} {0x0000023a9d0cfcd0} 'append' '(I)Ljava/lang/StringBuilder;' in 'java/lang/StringBuilder')}
  0x0000023a8955ea94: ff49 bac8 | fc0c 9d3a | 0200 004c | 8954 2408 | 48c7 0424 | ffff ffff 

  0x0000023a8955eaac: ;   {runtime_call counter_overflow Runtime1 stub}
  0x0000023a8955eaac: e8cf 162f 

  0x0000023a8955eab0: ; ImmutableOopMap {[160]=Oop [264]=Oop [280]=Oop }
                      ;*synchronization entry
                      ; - java.lang.StringBuilder::append@-1
                      ; - jdk.internal.reflect.DirectConstructorHandleAccessor::newInstance@36
  0x0000023a8955eab0: 07e9 11f8 

  0x0000023a8955eab4: ;   {metadata({method} {0x0000023a9d0cf710} 'append' '(Ljava/lang/String;)Ljava/lang/StringBuilder;' in 'java/lang/StringBuilder')}
  0x0000023a8955eab4: ffff 49ba | 08f7 0c9d | 3a02 0000 | 4c89 5424 | 0848 c704 | 24ff ffff 

  0x0000023a8955eacc: ;   {runtime_call counter_overflow Runtime1 stub}
  0x0000023a8955eacc: ffe8 ae16 

  0x0000023a8955ead0: ; ImmutableOopMap {[160]=Oop [264]=Oop [280]=Oop }
                      ;*synchronization entry
                      ; - java.lang.StringBuilder::append@-1
                      ; - jdk.internal.reflect.DirectConstructorHandleAccessor::newInstance@41
  0x0000023a8955ead0: 2f07 e970 

  0x0000023a8955ead4: ;   {metadata({method} {0x0000023a9d0cfcd0} 'append' '(I)Ljava/lang/StringBuilder;' in 'java/lang/StringBuilder')}
  0x0000023a8955ead4: f8ff ff49 | bac8 fc0c | 9d3a 0200 | 004c 8954 | 2408 48c7 | 0424 ffff 

  0x0000023a8955eaec: ;   {runtime_call counter_overflow Runtime1 stub}
  0x0000023a8955eaec: ffff e88d 

  0x0000023a8955eaf0: ; ImmutableOopMap {[264]=Oop [280]=Oop }
                      ;*synchronization entry
                      ; - java.lang.StringBuilder::append@-1
                      ; - jdk.internal.reflect.DirectConstructorHandleAccessor::newInstance@48
  0x0000023a8955eaf0: 162f 07e9 | d9f8 ffff 

  0x0000023a8955eaf8: ;   {metadata({method} {0x0000023a9d0d1000} 'toString' '()Ljava/lang/String;' in 'java/lang/StringBuilder')}
  0x0000023a8955eaf8: 49ba f80f | 0d9d 3a02 | 0000 4c89 | 5424 0848 | c704 24ff 

  0x0000023a8955eb0c: ;   {runtime_call counter_overflow Runtime1 stub}
  0x0000023a8955eb0c: ffff ffe8 

  0x0000023a8955eb10: ; ImmutableOopMap {[264]=Oop [280]=Oop }
                      ;*synchronization entry
                      ; - java.lang.StringBuilder::toString@-1
                      ; - jdk.internal.reflect.DirectConstructorHandleAccessor::newInstance@51
  0x0000023a8955eb10: 6c16 2f07 | e92c f9ff | ff48 8bd2 

  0x0000023a8955eb1c: ;   {runtime_call fast_new_instance Runtime1 stub}
  0x0000023a8955eb1c: e8df be2e 

  0x0000023a8955eb20: ; ImmutableOopMap {[264]=Oop [280]=Oop }
                      ;*new {reexecute=0 rethrow=0 return_oop=0}
                      ; - java.lang.StringBuilder::toString@0
                      ; - jdk.internal.reflect.DirectConstructorHandleAccessor::newInstance@51
  0x0000023a8955eb20: 07e9 66f9 

  0x0000023a8955eb24: ;   {metadata({method} {0x0000023a9d009cc0} '<init>' '(Ljava/lang/StringBuilder;)V' in 'java/lang/String')}
  0x0000023a8955eb24: ffff 49ba | b89c 009d | 3a02 0000 | 4c89 5424 | 0848 c704 | 24ff ffff 

  0x0000023a8955eb3c: ;   {runtime_call counter_overflow Runtime1 stub}
  0x0000023a8955eb3c: ffe8 3e16 

  0x0000023a8955eb40: ; ImmutableOopMap {rax=Oop [264]=Oop [280]=Oop }
                      ;*synchronization entry
                      ; - java.lang.String::<init>@-1
                      ; - java.lang.StringBuilder::toString@5
                      ; - jdk.internal.reflect.DirectConstructorHandleAccessor::newInstance@51
  0x0000023a8955eb40: 2f07 e986 

  0x0000023a8955eb44: ;   {metadata(nullptr)}
  0x0000023a8955eb44: f9ff ff48 | ba00 0000 | 0000 0000 | 00b8 000f 

  0x0000023a8955eb54: ;   {runtime_call load_klass_patching Runtime1 stub}
  0x0000023a8955eb54: 050a e8a5 

  0x0000023a8955eb58: ; ImmutableOopMap {r8=Oop }
                      ;*new {reexecute=1 rethrow=0 return_oop=0}
                      ; - (reexecute) jdk.internal.reflect.DirectConstructorHandleAccessor::newInstance@121
  0x0000023a8955eb58: ff2e 07e9 | 10fa ffff 

  0x0000023a8955eb60: ;   {runtime_call fast_new_instance Runtime1 stub}
  0x0000023a8955eb60: 488b d2e8 

  0x0000023a8955eb64: ; ImmutableOopMap {r8=Oop }
                      ;*new {reexecute=0 rethrow=0 return_oop=0}
                      ; - jdk.internal.reflect.DirectConstructorHandleAccessor::newInstance@121
  0x0000023a8955eb64: 98be 2e07 | e952 faff | ff49 8b87 | 0005 0000 | 49c7 8700 | 0500 0000 | 0000 0049 | c787 0805 
  0x0000023a8955eb84: 0000 0000 | 0000 4881 | c440 0100 

  0x0000023a8955eb90: ;   {runtime_call unwind_exception Runtime1 stub}
  0x0000023a8955eb90: 005d e969 | a42e 07f4 
[Stub Code]
  0x0000023a8955eb98: ;   {no_reloc}
  0x0000023a8955eb98: 0f1f 4400 

  0x0000023a8955eb9c: ;   {static_stub}
  0x0000023a8955eb9c: 0048 bb00 | 0000 0000 

  0x0000023a8955eba4: ;   {runtime_call nmethod}
  0x0000023a8955eba4: 0000 00e9 | fbff ffff 

  0x0000023a8955ebac: ;   {static_stub}
  0x0000023a8955ebac: 9048 bb00 | 0000 0000 

  0x0000023a8955ebb4: ;   {runtime_call nmethod}
  0x0000023a8955ebb4: 0000 00e9 | fbff ffff 

  0x0000023a8955ebbc: ;   {static_stub}
  0x0000023a8955ebbc: 9048 bb00 | 0000 0000 

  0x0000023a8955ebc4: ;   {runtime_call nmethod}
  0x0000023a8955ebc4: 0000 00e9 | fbff ffff 

  0x0000023a8955ebcc: ;   {static_stub}
  0x0000023a8955ebcc: 9048 bb00 | 0000 0000 

  0x0000023a8955ebd4: ;   {runtime_call nmethod}
  0x0000023a8955ebd4: 0000 00e9 | fbff ffff 

  0x0000023a8955ebdc: ;   {static_stub}
  0x0000023a8955ebdc: 9048 bb00 | 0000 0000 

  0x0000023a8955ebe4: ;   {runtime_call nmethod}
  0x0000023a8955ebe4: 0000 00e9 | fbff ffff 

  0x0000023a8955ebec: ;   {static_stub}
  0x0000023a8955ebec: 9048 bb00 | 0000 0000 

  0x0000023a8955ebf4: ;   {runtime_call nmethod}
  0x0000023a8955ebf4: 0000 00e9 | fbff ffff 

  0x0000023a8955ebfc: ;   {static_stub}
  0x0000023a8955ebfc: 9048 bb00 | 0000 0000 

  0x0000023a8955ec04: ;   {runtime_call nmethod}
  0x0000023a8955ec04: 0000 00e9 | fbff ffff 

  0x0000023a8955ec0c: ;   {static_stub}
  0x0000023a8955ec0c: 9048 bb00 | 0000 0000 

  0x0000023a8955ec14: ;   {runtime_call nmethod}
  0x0000023a8955ec14: 0000 00e9 | fbff ffff 

  0x0000023a8955ec1c: ;   {static_stub}
  0x0000023a8955ec1c: 48bb 0000 | 0000 0000 

  0x0000023a8955ec24: ;   {runtime_call nmethod}
  0x0000023a8955ec24: 0000 e9fb 

  0x0000023a8955ec28: ;   {static_stub}
  0x0000023a8955ec28: ffff ff48 | bb00 0000 | 0000 0000 

  0x0000023a8955ec34: ;   {runtime_call nmethod}
  0x0000023a8955ec34: 00e9 fbff 

  0x0000023a8955ec38: ;   {static_stub}
  0x0000023a8955ec38: ffff 48bb | 0000 0000 | 0000 0000 

  0x0000023a8955ec44: ;   {runtime_call nmethod}
  0x0000023a8955ec44: e9fb ffff 

  0x0000023a8955ec48: ;   {static_stub}
  0x0000023a8955ec48: ff48 bb00 | 0000 0000 

  0x0000023a8955ec50: ;   {runtime_call nmethod}
  0x0000023a8955ec50: 0000 00e9 | fbff ffff 

  0x0000023a8955ec58: ;   {static_stub}
  0x0000023a8955ec58: 48bb 0000 | 0000 0000 

  0x0000023a8955ec60: ;   {runtime_call nmethod}
  0x0000023a8955ec60: 0000 e9fb 

  0x0000023a8955ec64: ;   {static_stub}
  0x0000023a8955ec64: ffff ff48 | bb00 0000 | 0000 0000 

  0x0000023a8955ec70: ;   {runtime_call nmethod}
  0x0000023a8955ec70: 00e9 fbff 

  0x0000023a8955ec74: ;   {static_stub}
  0x0000023a8955ec74: ffff 48bb | 0000 0000 | 0000 0000 

  0x0000023a8955ec80: ;   {runtime_call nmethod}
  0x0000023a8955ec80: e9fb ffff 

  0x0000023a8955ec84: ;   {static_stub}
  0x0000023a8955ec84: ff48 bb00 | 0000 0000 

  0x0000023a8955ec8c: ;   {runtime_call nmethod}
  0x0000023a8955ec8c: 0000 00e9 | fbff ffff 

  0x0000023a8955ec94: ;   {static_stub}
  0x0000023a8955ec94: 48bb 0000 | 0000 0000 

  0x0000023a8955ec9c: ;   {runtime_call nmethod}
  0x0000023a8955ec9c: 0000 e9fb 

  0x0000023a8955eca0: ;   {static_stub}
  0x0000023a8955eca0: ffff ff48 | bb00 0000 | 0000 0000 

  0x0000023a8955ecac: ;   {runtime_call nmethod}
  0x0000023a8955ecac: 00e9 fbff 

  0x0000023a8955ecb0: ;   {static_stub}
  0x0000023a8955ecb0: ffff 48bb | 0000 0000 | 0000 0000 

  0x0000023a8955ecbc: ;   {runtime_call nmethod}
  0x0000023a8955ecbc: e9fb ffff 

  0x0000023a8955ecc0: ;   {runtime_call handle_exception_from_callee Runtime1 stub}
  0x0000023a8955ecc0: ffe8 3ad8 

  0x0000023a8955ecc4: ;   {external_word}
  0x0000023a8955ecc4: 2e07 48b9 | d061 332a | f97f 0000 | 4883 e4f0 

  0x0000023a8955ecd4: ;   {runtime_call}
  0x0000023a8955ecd4: 48b8 90db | 012a f97f | 0000 ffd0 

  0x0000023a8955ece0: ;   {section_word}
  0x0000023a8955ece0: f449 bae1 | ec55 893a | 0200 0041 

  0x0000023a8955ecec: ;   {runtime_call DeoptimizationBlob}
  0x0000023a8955ecec: 52e9 2e83 

  0x0000023a8955ecf0: ;   {section_word}
  0x0000023a8955ecf0: 2407 49ba | f2ec 5589 | 3a02 0000 

  0x0000023a8955ecfc: ;   {runtime_call DeoptimizationBlob}
  0x0000023a8955ecfc: 4152 e91d | 8324 07f4 | f4f4 f4f4 
[/MachCode]


---------------  P R O C E S S  ---------------

Threads class SMR info:
_java_thread_list=0x0000023aa5df9e10, length=24, elements={
0x0000023a860bf010, 0x0000023aa1a3b770, 0x0000023aa1a712b0, 0x0000023aa1a72f20,
0x0000023aa1a78b20, 0x0000023aa1a84980, 0x0000023aa1a87b70, 0x0000023aa1a8a9e0,
0x0000023aa1a8b820, 0x0000023aa1ab1610, 0x0000023aa32abac0, 0x0000023aa372f9f0,
0x0000023aa32385b0, 0x0000023aa3be0f50, 0x0000023aa3c65ce0, 0x0000023aa3c81fa0,
0x0000023aa4179570, 0x0000023aa32b4e50, 0x0000023aa4e02510, 0x0000023aa4e01160,
0x0000023aa4e03230, 0x0000023aa48e8130, 0x0000023aa4e038c0, 0x0000023aa4e03f50
}

Java Threads: ( => current thread )
  0x0000023a860bf010 JavaThread "main"                              [_thread_blocked, id=3536, stack(0x00000084a0300000,0x00000084a0400000) (1024K)]
  0x0000023aa1a3b770 JavaThread "Common-Cleaner"             daemon [_thread_blocked, id=13492, stack(0x00000084a0700000,0x00000084a0800000) (1024K)]
  0x0000023aa1a712b0 JavaThread "Reference Handler"          daemon [_thread_blocked, id=21548, stack(0x00000084a0800000,0x00000084a0900000) (1024K)]
  0x0000023aa1a72f20 JavaThread "Finalizer"                  daemon [_thread_blocked, id=17516, stack(0x00000084a0900000,0x00000084a0a00000) (1024K)]
  0x0000023aa1a78b20 JavaThread "Signal Dispatcher"          daemon [_thread_blocked, id=17368, stack(0x00000084a0a00000,0x00000084a0b00000) (1024K)]
  0x0000023aa1a84980 JavaThread "Attach Listener"            daemon [_thread_blocked, id=16340, stack(0x00000084a0b00000,0x00000084a0c00000) (1024K)]
  0x0000023aa1a87b70 JavaThread "Service Thread"             daemon [_thread_blocked, id=13884, stack(0x00000084a0c00000,0x00000084a0d00000) (1024K)]
  0x0000023aa1a8a9e0 JavaThread "Monitor Deflation Thread"   daemon [_thread_blocked, id=7976, stack(0x00000084a0d00000,0x00000084a0e00000) (1024K)]
  0x0000023aa1a8b820 JavaThread "C2 CompilerThread0"         daemon [_thread_blocked, id=16236, stack(0x00000084a0e00000,0x00000084a0f00000) (1024K)]
  0x0000023aa1ab1610 JavaThread "C1 CompilerThread0"         daemon [_thread_blocked, id=14392, stack(0x00000084a0f00000,0x00000084a1000000) (1024K)]
  0x0000023aa32abac0 JavaThread "Notification Thread"        daemon [_thread_blocked, id=14232, stack(0x00000084a1000000,0x00000084a1100000) (1024K)]
  0x0000023aa372f9f0 JavaThread "Active Thread: Equinox Container: 7d52b37b-4b0d-4394-96bf-760ec8e7f3bb"        [_thread_blocked, id=23096, stack(0x00000084a1700000,0x00000084a1800000) (1024K)]
  0x0000023aa32385b0 JavaThread "Refresh Thread: Equinox Container: 7d52b37b-4b0d-4394-96bf-760ec8e7f3bb" daemon [_thread_blocked, id=25644, stack(0x00000084a1900000,0x00000084a1a00000) (1024K)]
  0x0000023aa3be0f50 JavaThread "Framework Event Dispatcher: Equinox Container: 7d52b37b-4b0d-4394-96bf-760ec8e7f3bb" daemon [_thread_blocked, id=11088, stack(0x00000084a1a00000,0x00000084a1b00000) (1024K)]
=>0x0000023aa3c65ce0 JavaThread "Start Level: Equinox Container: 7d52b37b-4b0d-4394-96bf-760ec8e7f3bb" daemon [_thread_in_vm, id=10720, stack(0x00000084a1b00000,0x00000084a1c00000) (1024K)]
  0x0000023aa3c81fa0 JavaThread "Bundle File Closer"         daemon [_thread_blocked, id=30620, stack(0x00000084a1e00000,0x00000084a1f00000) (1024K)]
  0x0000023aa4179570 JavaThread "SCR Component Actor"        daemon [_thread_blocked, id=25512, stack(0x00000084a1f00000,0x00000084a2000000) (1024K)]
  0x0000023aa32b4e50 JavaThread "Worker-JM"                         [_thread_blocked, id=6680, stack(0x00000084a2000000,0x00000084a2100000) (1024K)]
  0x0000023aa4e02510 JavaThread "JNA Cleaner"                daemon [_thread_blocked, id=19476, stack(0x00000084a2100000,0x00000084a2200000) (1024K)]
  0x0000023aa4e01160 JavaThread "Worker-0"                          [_thread_blocked, id=24448, stack(0x00000084a2200000,0x00000084a2300000) (1024K)]
  0x0000023aa4e03230 JavaThread "Worker-1: Repository registry initialization"        [_thread_in_vm, id=23776, stack(0x00000084a2400000,0x00000084a2500000) (1024K)]
  0x0000023aa48e8130 JavaThread "C2 CompilerThread1"         daemon [_thread_in_native, id=11708, stack(0x00000084a2300000,0x00000084a2400000) (1024K)]
  0x0000023aa4e038c0 JavaThread "Java indexing"              daemon [_thread_blocked, id=17512, stack(0x00000084a2500000,0x00000084a2600000) (1024K)]
  0x0000023aa4e03f50 JavaThread "Worker-2"                          [_thread_blocked, id=15820, stack(0x00000084a2600000,0x00000084a2700000) (1024K)]
Total: 24

Other Threads:
  0x0000023aa1a24790 VMThread "VM Thread"                           [id=3636, stack(0x00000084a0600000,0x00000084a0700000) (1024K)]
  0x0000023a8612e4e0 WatcherThread "VM Periodic Task Thread"        [id=20028, stack(0x00000084a0500000,0x00000084a0600000) (1024K)]
  0x0000023a860ddd80 WorkerThread "GC Thread#0"                     [id=22492, stack(0x00000084a0400000,0x00000084a0500000) (1024K)]
  0x0000023aa3487530 WorkerThread "GC Thread#1"                     [id=7368, stack(0x00000084a1100000,0x00000084a1200000) (1024K)]
  0x0000023aa3255d70 WorkerThread "GC Thread#2"                     [id=12620, stack(0x00000084a1200000,0x00000084a1300000) (1024K)]
  0x0000023aa34878e0 WorkerThread "GC Thread#3"                     [id=31308, stack(0x00000084a1300000,0x00000084a1400000) (1024K)]
  0x0000023aa3487c90 WorkerThread "GC Thread#4"                     [id=19772, stack(0x00000084a1400000,0x00000084a1500000) (1024K)]
  0x0000023aa33a53c0 WorkerThread "GC Thread#5"                     [id=16604, stack(0x00000084a1500000,0x00000084a1600000) (1024K)]
  0x0000023aa33a5770 WorkerThread "GC Thread#6"                     [id=24192, stack(0x00000084a1600000,0x00000084a1700000) (1024K)]
  0x0000023aa376d860 WorkerThread "GC Thread#7"                     [id=30696, stack(0x00000084a1800000,0x00000084a1900000) (1024K)]
  0x0000023aa3ecd4f0 WorkerThread "GC Thread#8"                     [id=13024, stack(0x00000084a1c00000,0x00000084a1d00000) (1024K)]
  0x0000023aa3f2c840 WorkerThread "GC Thread#9"                     [id=14976, stack(0x00000084a1d00000,0x00000084a1e00000) (1024K)]
Total: 12

Threads with active compile tasks:
C2 CompilerThread1  9810 4622   !   4       org.eclipse.osgi.internal.loader.classpath.ClasspathManager::findClassImpl (328 bytes)
Total: 1

VM state: not at safepoint (normal execution)

VM Mutex/Monitor currently owned by a thread:  ([mutex/lock_event])
[0x00007ff92a5a64d0] Metaspace_lock - owner thread: 0x0000023aa3c65ce0

Heap address: 0x0000000080000000, size: 2048 MB, Compressed Oops mode: 32-bit

CDS archive(s) not mapped
Compressed class space mapped at: 0x0000000100000000-0x0000000140000000, reserved size: 1073741824
Narrow klass base: 0x0000000000000000, Narrow klass shift: 3, Narrow klass range: 0x140000000

GC Precious Log:
 CardTable entry size: 512
 CPUs: 12 total, 12 available
 Memory: 16110M
 Large Page Support: Disabled
 NUMA Support: Disabled
 Compressed Oops: Enabled (32-bit)
 Alignments: Space 512K, Generation 512K, Heap 2M
 Heap Min Capacity: 100M
 Heap Initial Capacity: 100M
 Heap Max Capacity: 2G
 Pre-touch: Disabled
 Parallel Workers: 10

Heap:
 PSYoungGen      total 23552K, used 13710K [0x00000000d5580000, 0x00000000d7080000, 0x0000000100000000)
  eden space 22016K, 57% used [0x00000000d5580000,0x00000000d61df928,0x00000000d6b00000)
  from space 1536K, 67% used [0x00000000d6f00000,0x00000000d7004010,0x00000000d7080000)
  to   space 1536K, 0% used [0x00000000d6d80000,0x00000000d6d80000,0x00000000d6f00000)
 ParOldGen       total 68608K, used 16439K [0x0000000080000000, 0x0000000084300000, 0x00000000d5580000)
  object space 68608K, 23% used [0x0000000080000000,0x000000008100dc98,0x0000000084300000)
 Metaspace       used 41532K, committed 42496K, reserved 1114112K
  class space    used 4166K, committed 4608K, reserved 1048576K

Card table byte_map: [0x0000023a85a60000,0x0000023a85e70000] _byte_map_base: 0x0000023a85660000

Marking Bits: (ParMarkBitMap*) 0x00007ff92a5ad640
 Begin Bits: [0x0000023a984d0000, 0x0000023a9a4d0000)
 End Bits:   [0x0000023a9a4d0000, 0x0000023a9c4d0000)

Polling page: 0x0000023a84180000

Metaspace:

Usage:
  Non-class:     36.49 MB used.
      Class:      4.07 MB used.
       Both:     40.56 MB used.

Virtual space:
  Non-class space:       64.00 MB reserved,      37.00 MB ( 58%) committed,  1 nodes.
      Class space:        1.00 GB reserved,       4.50 MB ( <1%) committed,  1 nodes.
             Both:        1.06 GB reserved,      41.50 MB (  4%) committed. 

Chunk freelists:
   Non-Class:  10.23 MB
       Class:  11.41 MB
        Both:  21.64 MB

MaxMetaspaceSize: unlimited
CompressedClassSpaceSize: 1.00 GB
Initial GC threshold: 21.00 MB
Current GC threshold: 58.38 MB
CDS: off
 - commit_granule_bytes: 65536.
 - commit_granule_words: 8192.
 - virtual_space_node_default_size: 8388608.
 - enlarge_chunks_in_place: 1.
 - use_allocation_guard: 0.


Internal statistics:

num_allocs_failed_limit: 6.
num_arena_births: 780.
num_arena_deaths: 14.
num_vsnodes_births: 2.
num_vsnodes_deaths: 0.
num_space_committed: 664.
num_space_uncommitted: 0.
num_chunks_returned_to_freelist: 20.
num_chunks_taken_from_freelist: 2127.
num_chunk_merges: 11.
num_chunk_splits: 1337.
num_chunks_enlarged: 797.
num_inconsistent_stats: 0.

CodeHeap 'non-profiled nmethods': size=120000Kb used=1970Kb max_used=1970Kb free=118029Kb
 bounds [0x0000023a90cf0000, 0x0000023a90f60000, 0x0000023a98220000]
CodeHeap 'profiled nmethods': size=120000Kb used=8783Kb max_used=9139Kb free=111216Kb
 bounds [0x0000023a89220000, 0x0000023a89b10000, 0x0000023a90750000]
CodeHeap 'non-nmethods': size=5760Kb used=1332Kb max_used=1371Kb free=4427Kb
 bounds [0x0000023a90750000, 0x0000023a909c0000, 0x0000023a90cf0000]
CodeCache: size=245760Kb, used=12085Kb, max_used=12480Kb, free=233672Kb
 total_blobs=4867, nmethods=4232, adapters=540, full_count=0
Compilation: enabled, stopped_count=0, restarted_count=0

Compilation events (20 events):
Event: 9.666 Thread 0x0000023aa1ab1610 4649       3       com.sun.org.apache.xerces.internal.impl.XMLEntityManager::setFeature (92 bytes)
Event: 9.667 Thread 0x0000023aa1ab1610 nmethod 4649 0x0000023a89435810 code [0x0000023a89435ae0, 0x0000023a89436770]
Event: 9.667 Thread 0x0000023aa1ab1610 4653       1       com.sun.org.apache.xerces.internal.dom.DocumentImpl::getMutationEvents (5 bytes)
Event: 9.667 Thread 0x0000023aa1ab1610 nmethod 4653 0x0000023a90d6f610 code [0x0000023a90d6f7a0, 0x0000023a90d6f870]
Event: 9.667 Thread 0x0000023aa1ab1610 4654       1       com.sun.org.apache.xerces.internal.dom.ElementImpl::getNodeType (2 bytes)
Event: 9.667 Thread 0x0000023aa1ab1610 nmethod 4654 0x0000023a90d6af90 code [0x0000023a90d6b120, 0x0000023a90d6b1e8]
Event: 9.667 Thread 0x0000023aa1ab1610 4656       1       com.sun.org.apache.xerces.internal.dom.AttrImpl::getNodeType (2 bytes)
Event: 9.667 Thread 0x0000023aa1ab1610 nmethod 4656 0x0000023a90d6ac90 code [0x0000023a90d6ae20, 0x0000023a90d6aee8]
Event: 9.667 Thread 0x0000023aa1ab1610 4650       3       com.sun.org.apache.xerces.internal.impl.XMLErrorReporter::setFeature (44 bytes)
Event: 9.668 Thread 0x0000023aa1ab1610 nmethod 4650 0x0000023a89454590 code [0x0000023a894547c0, 0x0000023a89454f58]
Event: 9.668 Thread 0x0000023aa1ab1610 4651       3       com.sun.org.apache.xerces.internal.util.ParserConfigurationSettings::setFeature (42 bytes)
Event: 9.668 Thread 0x0000023aa1ab1610 nmethod 4651 0x0000023a89453c90 code [0x0000023a89453e80, 0x0000023a89454338]
Event: 9.668 Thread 0x0000023aa1ab1610 4655       3       com.sun.org.apache.xerces.internal.util.XMLChar::isName (23 bytes)
Event: 9.668 Thread 0x0000023aa1ab1610 nmethod 4655 0x0000023a89337210 code [0x0000023a893373c0, 0x0000023a89337568]
Event: 9.669 Thread 0x0000023aa1ab1610 4657   !   3       java.security.AccessController::doPrivileged (22 bytes)
Event: 9.669 Thread 0x0000023aa1ab1610 nmethod 4657 0x0000023a893a8690 code [0x0000023a893a8880, 0x0000023a893a8cf8]
Event: 9.670 Thread 0x0000023aa48e8130 nmethod 4625 0x0000023a90de7b10 code [0x0000023a90de7d80, 0x0000023a90de8b58]
Event: 9.670 Thread 0x0000023aa48e8130 4639       4       java.util.concurrent.ConcurrentHashMap$BaseIterator::hasNext (13 bytes)
Event: 9.671 Thread 0x0000023aa48e8130 nmethod 4639 0x0000023a90de7810 code [0x0000023a90de79a0, 0x0000023a90de7a30]
Event: 9.671 Thread 0x0000023aa48e8130 4622   !   4       org.eclipse.osgi.internal.loader.classpath.ClasspathManager::findClassImpl (328 bytes)

GC Heap History (20 events):
Event: 5.788 GC heap before
{Heap before GC invocations=5 (full 0):
 PSYoungGen      total 29696K, used 8300K [0x00000000d5580000, 0x00000000d7680000, 0x0000000100000000)
  eden space 25600K, 16% used [0x00000000d5580000,0x00000000d599f250,0x00000000d6e80000)
  from space 4096K, 99% used [0x00000000d7280000,0x00000000d767c148,0x00000000d7680000)
  to   space 4096K, 0% used [0x00000000d6e80000,0x00000000d6e80000,0x00000000d7280000)
 ParOldGen       total 68608K, used 6665K [0x0000000080000000, 0x0000000084300000, 0x00000000d5580000)
  object space 68608K, 9% used [0x0000000080000000,0x00000000806825c0,0x0000000084300000)
 Metaspace       used 21216K, committed 21504K, reserved 1114112K
  class space    used 2165K, committed 2304K, reserved 1048576K
}
Event: 5.795 GC heap after
{Heap after GC invocations=5 (full 0):
 PSYoungGen      total 29696K, used 4075K [0x00000000d5580000, 0x00000000d7980000, 0x0000000100000000)
  eden space 25600K, 0% used [0x00000000d5580000,0x00000000d5580000,0x00000000d6e80000)
  from space 4096K, 99% used [0x00000000d6e80000,0x00000000d727ad78,0x00000000d7280000)
  to   space 5632K, 0% used [0x00000000d7400000,0x00000000d7400000,0x00000000d7980000)
 ParOldGen       total 68608K, used 6865K [0x0000000080000000, 0x0000000084300000, 0x00000000d5580000)
  object space 68608K, 10% used [0x0000000080000000,0x00000000806b45d0,0x0000000084300000)
 Metaspace       used 21216K, committed 21504K, reserved 1114112K
  class space    used 2165K, committed 2304K, reserved 1048576K
}
Event: 5.795 GC heap before
{Heap before GC invocations=6 (full 1):
 PSYoungGen      total 29696K, used 4075K [0x00000000d5580000, 0x00000000d7980000, 0x0000000100000000)
  eden space 25600K, 0% used [0x00000000d5580000,0x00000000d5580000,0x00000000d6e80000)
  from space 4096K, 99% used [0x00000000d6e80000,0x00000000d727ad78,0x00000000d7280000)
  to   space 5632K, 0% used [0x00000000d7400000,0x00000000d7400000,0x00000000d7980000)
 ParOldGen       total 68608K, used 6865K [0x0000000080000000, 0x0000000084300000, 0x00000000d5580000)
  object space 68608K, 10% used [0x0000000080000000,0x00000000806b45d0,0x0000000084300000)
 Metaspace       used 21216K, committed 21504K, reserved 1114112K
  class space    used 2165K, committed 2304K, reserved 1048576K
}
Event: 5.837 GC heap after
{Heap after GC invocations=6 (full 1):
 PSYoungGen      total 29696K, used 0K [0x00000000d5580000, 0x00000000d7980000, 0x0000000100000000)
  eden space 25600K, 0% used [0x00000000d5580000,0x00000000d5580000,0x00000000d6e80000)
  from space 4096K, 0% used [0x00000000d6e80000,0x00000000d6e80000,0x00000000d7280000)
  to   space 5632K, 0% used [0x00000000d7400000,0x00000000d7400000,0x00000000d7980000)
 ParOldGen       total 68608K, used 10611K [0x0000000080000000, 0x0000000084300000, 0x00000000d5580000)
  object space 68608K, 15% used [0x0000000080000000,0x0000000080a5cfe8,0x0000000084300000)
 Metaspace       used 21216K, committed 21504K, reserved 1114112K
  class space    used 2165K, committed 2304K, reserved 1048576K
}
Event: 6.755 GC heap before
{Heap before GC invocations=7 (full 1):
 PSYoungGen      total 29696K, used 25600K [0x00000000d5580000, 0x00000000d7980000, 0x0000000100000000)
  eden space 25600K, 100% used [0x00000000d5580000,0x00000000d6e80000,0x00000000d6e80000)
  from space 4096K, 0% used [0x00000000d6e80000,0x00000000d6e80000,0x00000000d7280000)
  to   space 5632K, 0% used [0x00000000d7400000,0x00000000d7400000,0x00000000d7980000)
 ParOldGen       total 68608K, used 10611K [0x0000000080000000, 0x0000000084300000, 0x00000000d5580000)
  object space 68608K, 15% used [0x0000000080000000,0x0000000080a5cfe8,0x0000000084300000)
 Metaspace       used 25658K, committed 26240K, reserved 1114112K
  class space    used 2618K, committed 2880K, reserved 1048576K
}
Event: 6.758 GC heap after
{Heap after GC invocations=7 (full 1):
 PSYoungGen      total 26624K, used 1535K [0x00000000d5580000, 0x00000000d7580000, 0x0000000100000000)
  eden space 25088K, 0% used [0x00000000d5580000,0x00000000d5580000,0x00000000d6e00000)
  from space 1536K, 99% used [0x00000000d7400000,0x00000000d757fef0,0x00000000d7580000)
  to   space 3072K, 0% used [0x00000000d6f80000,0x00000000d6f80000,0x00000000d7280000)
 ParOldGen       total 68608K, used 10619K [0x0000000080000000, 0x0000000084300000, 0x00000000d5580000)
  object space 68608K, 15% used [0x0000000080000000,0x0000000080a5efe8,0x0000000084300000)
 Metaspace       used 25658K, committed 26240K, reserved 1114112K
  class space    used 2618K, committed 2880K, reserved 1048576K
}
Event: 7.647 GC heap before
{Heap before GC invocations=8 (full 1):
 PSYoungGen      total 26624K, used 26623K [0x00000000d5580000, 0x00000000d7580000, 0x0000000100000000)
  eden space 25088K, 100% used [0x00000000d5580000,0x00000000d6e00000,0x00000000d6e00000)
  from space 1536K, 99% used [0x00000000d7400000,0x00000000d757fef0,0x00000000d7580000)
  to   space 3072K, 0% used [0x00000000d6f80000,0x00000000d6f80000,0x00000000d7280000)
 ParOldGen       total 68608K, used 10619K [0x0000000080000000, 0x0000000084300000, 0x00000000d5580000)
  object space 68608K, 15% used [0x0000000080000000,0x0000000080a5efe8,0x0000000084300000)
 Metaspace       used 29327K, committed 30016K, reserved 1114112K
  class space    used 3027K, committed 3328K, reserved 1048576K
}
Event: 7.650 GC heap after
{Heap after GC invocations=8 (full 1):
 PSYoungGen      total 27648K, used 2635K [0x00000000d5580000, 0x00000000d7480000, 0x0000000100000000)
  eden space 24576K, 0% used [0x00000000d5580000,0x00000000d5580000,0x00000000d6d80000)
  from space 3072K, 85% used [0x00000000d6f80000,0x00000000d7212ea0,0x00000000d7280000)
  to   space 2048K, 0% used [0x00000000d7280000,0x00000000d7280000,0x00000000d7480000)
 ParOldGen       total 68608K, used 10627K [0x0000000080000000, 0x0000000084300000, 0x00000000d5580000)
  object space 68608K, 15% used [0x0000000080000000,0x0000000080a60fe8,0x0000000084300000)
 Metaspace       used 29327K, committed 30016K, reserved 1114112K
  class space    used 3027K, committed 3328K, reserved 1048576K
}
Event: 8.143 GC heap before
{Heap before GC invocations=9 (full 1):
 PSYoungGen      total 27648K, used 27211K [0x00000000d5580000, 0x00000000d7480000, 0x0000000100000000)
  eden space 24576K, 100% used [0x00000000d5580000,0x00000000d6d80000,0x00000000d6d80000)
  from space 3072K, 85% used [0x00000000d6f80000,0x00000000d7212ea0,0x00000000d7280000)
  to   space 2048K, 0% used [0x00000000d7280000,0x00000000d7280000,0x00000000d7480000)
 ParOldGen       total 68608K, used 10627K [0x0000000080000000, 0x0000000084300000, 0x00000000d5580000)
  object space 68608K, 15% used [0x0000000080000000,0x0000000080a60fe8,0x0000000084300000)
 Metaspace       used 32040K, committed 32896K, reserved 1114112K
  class space    used 3366K, committed 3712K, reserved 1048576K
}
Event: 8.149 GC heap after
{Heap after GC invocations=9 (full 1):
 PSYoungGen      total 25600K, used 2025K [0x00000000d5580000, 0x00000000d7900000, 0x0000000100000000)
  eden space 23552K, 0% used [0x00000000d5580000,0x00000000d5580000,0x00000000d6c80000)
  from space 2048K, 98% used [0x00000000d7280000,0x00000000d747a6e0,0x00000000d7480000)
  to   space 6144K, 0% used [0x00000000d6c80000,0x00000000d6c80000,0x00000000d7280000)
 ParOldGen       total 68608K, used 13764K [0x0000000080000000, 0x0000000084300000, 0x00000000d5580000)
  object space 68608K, 20% used [0x0000000080000000,0x0000000080d711c0,0x0000000084300000)
 Metaspace       used 32040K, committed 32896K, reserved 1114112K
  class space    used 3366K, committed 3712K, reserved 1048576K
}
Event: 8.468 GC heap before
{Heap before GC invocations=10 (full 1):
 PSYoungGen      total 25600K, used 25577K [0x00000000d5580000, 0x00000000d7900000, 0x0000000100000000)
  eden space 23552K, 100% used [0x00000000d5580000,0x00000000d6c80000,0x00000000d6c80000)
  from space 2048K, 98% used [0x00000000d7280000,0x00000000d747a6e0,0x00000000d7480000)
  to   space 6144K, 0% used [0x00000000d6c80000,0x00000000d6c80000,0x00000000d7280000)
 ParOldGen       total 68608K, used 13764K [0x0000000080000000, 0x0000000084300000, 0x00000000d5580000)
  object space 68608K, 20% used [0x0000000080000000,0x0000000080d711c0,0x0000000084300000)
 Metaspace       used 34195K, committed 35008K, reserved 1114112K
  class space    used 3540K, committed 3904K, reserved 1048576K
}
Event: 8.471 GC heap after
{Heap after GC invocations=10 (full 1):
 PSYoungGen      total 26112K, used 2609K [0x00000000d5580000, 0x00000000d7300000, 0x0000000100000000)
  eden space 23040K, 0% used [0x00000000d5580000,0x00000000d5580000,0x00000000d6c00000)
  from space 3072K, 84% used [0x00000000d6c80000,0x00000000d6f0c5f8,0x00000000d6f80000)
  to   space 3584K, 0% used [0x00000000d6f80000,0x00000000d6f80000,0x00000000d7300000)
 ParOldGen       total 68608K, used 14309K [0x0000000080000000, 0x0000000084300000, 0x00000000d5580000)
  object space 68608K, 20% used [0x0000000080000000,0x0000000080df9580,0x0000000084300000)
 Metaspace       used 34195K, committed 35008K, reserved 1114112K
  class space    used 3540K, committed 3904K, reserved 1048576K
}
Event: 8.548 GC heap before
{Heap before GC invocations=11 (full 1):
 PSYoungGen      total 26112K, used 7212K [0x00000000d5580000, 0x00000000d7300000, 0x0000000100000000)
  eden space 23040K, 19% used [0x00000000d5580000,0x00000000d59feaa8,0x00000000d6c00000)
  from space 3072K, 84% used [0x00000000d6c80000,0x00000000d6f0c5f8,0x00000000d6f80000)
  to   space 3584K, 0% used [0x00000000d6f80000,0x00000000d6f80000,0x00000000d7300000)
 ParOldGen       total 68608K, used 14309K [0x0000000080000000, 0x0000000084300000, 0x00000000d5580000)
  object space 68608K, 20% used [0x0000000080000000,0x0000000080df9580,0x0000000084300000)
 Metaspace       used 35070K, committed 35840K, reserved 1114112K
  class space    used 3570K, committed 3904K, reserved 1048576K
}
Event: 8.550 GC heap after
{Heap after GC invocations=11 (full 1):
 PSYoungGen      total 24576K, used 1335K [0x00000000d5580000, 0x00000000d7100000, 0x0000000100000000)
  eden space 23040K, 0% used [0x00000000d5580000,0x00000000d5580000,0x00000000d6c00000)
  from space 1536K, 86% used [0x00000000d6f80000,0x00000000d70cdc28,0x00000000d7100000)
  to   space 2048K, 0% used [0x00000000d6d00000,0x00000000d6d00000,0x00000000d6f00000)
 ParOldGen       total 68608K, used 15865K [0x0000000080000000, 0x0000000084300000, 0x00000000d5580000)
  object space 68608K, 23% used [0x0000000080000000,0x0000000080f7e520,0x0000000084300000)
 Metaspace       used 35070K, committed 35840K, reserved 1114112K
  class space    used 3570K, committed 3904K, reserved 1048576K
}
Event: 8.550 GC heap before
{Heap before GC invocations=12 (full 2):
 PSYoungGen      total 24576K, used 1335K [0x00000000d5580000, 0x00000000d7100000, 0x0000000100000000)
  eden space 23040K, 0% used [0x00000000d5580000,0x00000000d5580000,0x00000000d6c00000)
  from space 1536K, 86% used [0x00000000d6f80000,0x00000000d70cdc28,0x00000000d7100000)
  to   space 2048K, 0% used [0x00000000d6d00000,0x00000000d6d00000,0x00000000d6f00000)
 ParOldGen       total 68608K, used 15865K [0x0000000080000000, 0x0000000084300000, 0x00000000d5580000)
  object space 68608K, 23% used [0x0000000080000000,0x0000000080f7e520,0x0000000084300000)
 Metaspace       used 35070K, committed 35840K, reserved 1114112K
  class space    used 3570K, committed 3904K, reserved 1048576K
}
Event: 8.596 GC heap after
{Heap after GC invocations=12 (full 2):
 PSYoungGen      total 24576K, used 0K [0x00000000d5580000, 0x00000000d7100000, 0x0000000100000000)
  eden space 23040K, 0% used [0x00000000d5580000,0x00000000d5580000,0x00000000d6c00000)
  from space 1536K, 0% used [0x00000000d6f80000,0x00000000d6f80000,0x00000000d7100000)
  to   space 2048K, 0% used [0x00000000d6d00000,0x00000000d6d00000,0x00000000d6f00000)
 ParOldGen       total 68608K, used 14512K [0x0000000080000000, 0x0000000084300000, 0x00000000d5580000)
  object space 68608K, 21% used [0x0000000080000000,0x0000000080e2c140,0x0000000084300000)
 Metaspace       used 35057K, committed 35840K, reserved 1114112K
  class space    used 3567K, committed 3904K, reserved 1048576K
}
Event: 8.892 GC heap before
{Heap before GC invocations=13 (full 2):
 PSYoungGen      total 24576K, used 23040K [0x00000000d5580000, 0x00000000d7100000, 0x0000000100000000)
  eden space 23040K, 100% used [0x00000000d5580000,0x00000000d6c00000,0x00000000d6c00000)
  from space 1536K, 0% used [0x00000000d6f80000,0x00000000d6f80000,0x00000000d7100000)
  to   space 2048K, 0% used [0x00000000d6d00000,0x00000000d6d00000,0x00000000d6f00000)
 ParOldGen       total 68608K, used 14512K [0x0000000080000000, 0x0000000084300000, 0x00000000d5580000)
  object space 68608K, 21% used [0x0000000080000000,0x0000000080e2c140,0x0000000084300000)
 Metaspace       used 38363K, committed 39232K, reserved 1114112K
  class space    used 3830K, committed 4224K, reserved 1048576K
}
Event: 8.894 GC heap after
{Heap after GC invocations=13 (full 2):
 PSYoungGen      total 24576K, used 2024K [0x00000000d5580000, 0x00000000d7080000, 0x0000000100000000)
  eden space 22528K, 0% used [0x00000000d5580000,0x00000000d5580000,0x00000000d6b80000)
  from space 2048K, 98% used [0x00000000d6d00000,0x00000000d6efa2b0,0x00000000d6f00000)
  to   space 1536K, 0% used [0x00000000d6f00000,0x00000000d6f00000,0x00000000d7080000)
 ParOldGen       total 68608K, used 14528K [0x0000000080000000, 0x0000000084300000, 0x00000000d5580000)
  object space 68608K, 21% used [0x0000000080000000,0x0000000080e30140,0x0000000084300000)
 Metaspace       used 38363K, committed 39232K, reserved 1114112K
  class space    used 3830K, committed 4224K, reserved 1048576K
}
Event: 9.372 GC heap before
{Heap before GC invocations=14 (full 2):
 PSYoungGen      total 24576K, used 24552K [0x00000000d5580000, 0x00000000d7080000, 0x0000000100000000)
  eden space 22528K, 100% used [0x00000000d5580000,0x00000000d6b80000,0x00000000d6b80000)
  from space 2048K, 98% used [0x00000000d6d00000,0x00000000d6efa2b0,0x00000000d6f00000)
  to   space 1536K, 0% used [0x00000000d6f00000,0x00000000d6f00000,0x00000000d7080000)
 ParOldGen       total 68608K, used 14528K [0x0000000080000000, 0x0000000084300000, 0x00000000d5580000)
  object space 68608K, 21% used [0x0000000080000000,0x0000000080e30140,0x0000000084300000)
 Metaspace       used 39802K, committed 40704K, reserved 1114112K
  class space    used 3960K, committed 4352K, reserved 1048576K
}
Event: 9.374 GC heap after
{Heap after GC invocations=14 (full 2):
 PSYoungGen      total 23552K, used 1040K [0x00000000d5580000, 0x00000000d7080000, 0x0000000100000000)
  eden space 22016K, 0% used [0x00000000d5580000,0x00000000d5580000,0x00000000d6b00000)
  from space 1536K, 67% used [0x00000000d6f00000,0x00000000d7004010,0x00000000d7080000)
  to   space 1536K, 0% used [0x00000000d6d80000,0x00000000d6d80000,0x00000000d6f00000)
 ParOldGen       total 68608K, used 16439K [0x0000000080000000, 0x0000000084300000, 0x00000000d5580000)
  object space 68608K, 23% used [0x0000000080000000,0x000000008100dc98,0x0000000084300000)
 Metaspace       used 39802K, committed 40704K, reserved 1114112K
  class space    used 3960K, committed 4352K, reserved 1048576K
}

Dll operation events (3 events):
Event: 0.017 Loaded shared library C:\Program Files\Android\Android Studio\jbr\bin\java.dll
Event: 0.024 Loaded shared library C:\Program Files\Android\Android Studio\jbr\bin\zip.dll
Event: 0.460 Loaded shared library C:\Program Files\Android\Android Studio\jbr\bin\verify.dll

Deoptimization events (20 events):
Event: 9.407 Thread 0x0000023aa3c65ce0 Uncommon trap: trap_request=0xffffff45 fr.pc=0x0000023a90e1ab30 relative=0x0000000000000470
Event: 9.407 Thread 0x0000023aa3c65ce0 Uncommon trap: reason=unstable_if action=reinterpret pc=0x0000023a90e1ab30 method=java.lang.AbstractStringBuilder.isLatin1()Z @ 10 c2
Event: 9.407 Thread 0x0000023aa3c65ce0 DEOPT PACKING pc=0x0000023a90e1ab30 sp=0x00000084a1bfe030
Event: 9.407 Thread 0x0000023aa3c65ce0 DEOPT UNPACKING pc=0x0000023a907a6da2 sp=0x00000084a1bfdfa0 mode 2
Event: 9.493 Thread 0x0000023aa3c65ce0 Uncommon trap: trap_request=0xffffffc6 fr.pc=0x0000023a90dc7f34 relative=0x0000000000000a34
Event: 9.493 Thread 0x0000023aa3c65ce0 Uncommon trap: reason=bimorphic_or_optimized_type_check action=maybe_recompile pc=0x0000023a90dc7f34 method=java.util.HashMap.putVal(ILjava/lang/Object;Ljava/lang/Object;ZZ)Ljava/lang/Object; @ 56 c2
Event: 9.493 Thread 0x0000023aa3c65ce0 DEOPT PACKING pc=0x0000023a90dc7f34 sp=0x00000084a1bfd650
Event: 9.493 Thread 0x0000023aa3c65ce0 DEOPT UNPACKING pc=0x0000023a907a6da2 sp=0x00000084a1bfd5b8 mode 2
Event: 9.493 Thread 0x0000023aa3c65ce0 Uncommon trap: trap_request=0xffffffc6 fr.pc=0x0000023a90dc7f34 relative=0x0000000000000a34
Event: 9.493 Thread 0x0000023aa3c65ce0 Uncommon trap: reason=bimorphic_or_optimized_type_check action=maybe_recompile pc=0x0000023a90dc7f34 method=java.util.HashMap.putVal(ILjava/lang/Object;Ljava/lang/Object;ZZ)Ljava/lang/Object; @ 56 c2
Event: 9.493 Thread 0x0000023aa3c65ce0 DEOPT PACKING pc=0x0000023a90dc7f34 sp=0x00000084a1bfd650
Event: 9.493 Thread 0x0000023aa3c65ce0 DEOPT UNPACKING pc=0x0000023a907a6da2 sp=0x00000084a1bfd5b8 mode 2
Event: 9.493 Thread 0x0000023aa3c65ce0 Uncommon trap: trap_request=0xffffffc6 fr.pc=0x0000023a90dc7fa4 relative=0x0000000000000aa4
Event: 9.493 Thread 0x0000023aa3c65ce0 Uncommon trap: reason=bimorphic_or_optimized_type_check action=maybe_recompile pc=0x0000023a90dc7fa4 method=java.util.HashMap.putVal(ILjava/lang/Object;Ljava/lang/Object;ZZ)Ljava/lang/Object; @ 152 c2
Event: 9.493 Thread 0x0000023aa3c65ce0 DEOPT PACKING pc=0x0000023a90dc7fa4 sp=0x00000084a1bfd650
Event: 9.493 Thread 0x0000023aa3c65ce0 DEOPT UNPACKING pc=0x0000023a907a6da2 sp=0x00000084a1bfd5c0 mode 2
Event: 9.493 Thread 0x0000023aa3c65ce0 Uncommon trap: trap_request=0xffffffc6 fr.pc=0x0000023a90dc7f34 relative=0x0000000000000a34
Event: 9.493 Thread 0x0000023aa3c65ce0 Uncommon trap: reason=bimorphic_or_optimized_type_check action=maybe_recompile pc=0x0000023a90dc7f34 method=java.util.HashMap.putVal(ILjava/lang/Object;Ljava/lang/Object;ZZ)Ljava/lang/Object; @ 56 c2
Event: 9.493 Thread 0x0000023aa3c65ce0 DEOPT PACKING pc=0x0000023a90dc7f34 sp=0x00000084a1bfd650
Event: 9.493 Thread 0x0000023aa3c65ce0 DEOPT UNPACKING pc=0x0000023a907a6da2 sp=0x00000084a1bfd5b8 mode 2

Classes loaded (20 events):
Event: 9.670 Loading class com/sun/org/apache/xalan/internal/xsltc/compiler/SourceLoader done
Event: 9.671 Loading class javax/xml/transform/sax/SAXTransformerFactory
Event: 9.671 Loading class javax/xml/transform/sax/SAXTransformerFactory done
Event: 9.671 Loading class com/sun/org/apache/xalan/internal/xsltc/trax/TransformerFactoryImpl done
Event: 9.671 Loading class jdk/xml/internal/TransformErrorListener
Event: 9.671 Loading class javax/xml/transform/ErrorListener
Event: 9.671 Loading class javax/xml/transform/ErrorListener done
Event: 9.671 Loading class jdk/xml/internal/TransformErrorListener done
Event: 9.671 Loading class javax/xml/catalog/CatalogFeatures
Event: 9.671 Loading class javax/xml/catalog/CatalogFeatures done
Event: 9.671 Loading class javax/xml/catalog/CatalogFeatures$Builder
Event: 9.671 Loading class javax/xml/catalog/CatalogFeatures$Builder done
Event: 9.671 Loading class jdk/xml/internal/JdkXmlFeatures
Event: 9.672 Loading class jdk/xml/internal/JdkXmlFeatures done
Event: 9.672 Loading class jdk/xml/internal/JdkXmlFeatures$XmlFeature
Event: 9.672 Loading class jdk/xml/internal/JdkXmlFeatures$XmlFeature done
Event: 9.672 Loading class jdk/xml/internal/JdkProperty$ImplPropMap
Event: 9.672 Loading class jdk/xml/internal/JdkProperty$ImplPropMap done
Event: 9.672 Loading class com/sun/org/apache/xalan/internal/utils/XMLSecurityPropertyManager
Event: 9.672 Loading class com/sun/org/apache/xalan/internal/utils/FeaturePropertyBase

Classes unloaded (7 events):
Event: 8.556 Thread 0x0000023aa1a24790 Unloading class 0x00000001002b4800 'java/lang/invoke/LambdaForm$MH+0x00000001002b4800'
Event: 8.556 Thread 0x0000023aa1a24790 Unloading class 0x00000001002b4400 'java/lang/invoke/LambdaForm$MH+0x00000001002b4400'
Event: 8.556 Thread 0x0000023aa1a24790 Unloading class 0x00000001002b4000 'java/lang/invoke/LambdaForm$MH+0x00000001002b4000'
Event: 8.556 Thread 0x0000023aa1a24790 Unloading class 0x00000001002b3c00 'java/lang/invoke/LambdaForm$MH+0x00000001002b3c00'
Event: 8.556 Thread 0x0000023aa1a24790 Unloading class 0x00000001002b3800 'java/lang/invoke/LambdaForm$BMH+0x00000001002b3800'
Event: 8.556 Thread 0x0000023aa1a24790 Unloading class 0x00000001002b3400 'java/lang/invoke/LambdaForm$DMH+0x00000001002b3400'
Event: 8.556 Thread 0x0000023aa1a24790 Unloading class 0x00000001002b2000 'java/lang/invoke/LambdaForm$DMH+0x00000001002b2000'

Classes redefined (0 events):
No events

Internal exceptions (20 events):
Event: 8.154 Thread 0x0000023aa3c65ce0 Exception <a 'java/lang/NoSuchMethodError'{0x00000000d55bd160}: static Lorg/eclipse/m2e/core/internal/project/registry/MavenProjectFacade$MavenProjectConfiguration;.<clinit>()V> (0x00000000d55bd160) 
thrown [s\src\hotspot\share\prims\jni.cpp, line 1144]
Event: 8.217 Thread 0x0000023aa4e01160 Exception <a 'sun/nio/fs/WindowsException'{0x00000000d58bfeb8}> (0x00000000d58bfeb8) 
thrown [s\src\hotspot\share\prims\jni.cpp, line 537]
Event: 8.220 Thread 0x0000023aa4e01160 Exception <a 'sun/nio/fs/WindowsException'{0x00000000d58c08b8}> (0x00000000d58c08b8) 
thrown [s\src\hotspot\share\prims\jni.cpp, line 537]
Event: 8.266 Thread 0x0000023aa3c65ce0 Exception <a 'java/lang/NoSuchMethodError'{0x00000000d5a57220}: 'double java.lang.invoke.DirectMethodHandle$Holder.invokeStatic(java.lang.Object, java.lang.Object)'> (0x00000000d5a57220) 
thrown [s\src\hotspot\share\interpreter\linkResolver.cpp, line 784]
Event: 8.266 Thread 0x0000023aa3c65ce0 Exception <a 'java/lang/NoSuchMethodError'{0x00000000d5a5a8b0}: 'double java.lang.invoke.DirectMethodHandle$Holder.invokeStaticInit(java.lang.Object, java.lang.Object)'> (0x00000000d5a5a8b0) 
thrown [s\src\hotspot\share\interpreter\linkResolver.cpp, line 784]
Event: 8.759 Thread 0x0000023aa3c65ce0 Implicit null exception at 0x0000023a90cfba75 to 0x0000023a90cfbb88
Event: 8.916 Thread 0x0000023aa3c65ce0 Exception <a 'java/lang/NoSuchMethodError'{0x00000000d5e5f200}: 'java.lang.Object java.lang.invoke.DirectMethodHandle$Holder.newInvokeSpecial(java.lang.Object, int, java.lang.Object, java.lang.Object)'> (0x00000000d5e5f200) 
thrown [s\src\hotspot\share\interpreter\linkResolver.cpp, line 784]
Event: 8.919 Thread 0x0000023aa3c65ce0 Exception <a 'sun/nio/fs/WindowsException'{0x00000000d5e75778}> (0x00000000d5e75778) 
thrown [s\src\hotspot\share\prims\jni.cpp, line 537]
Event: 8.919 Thread 0x0000023aa3c65ce0 Exception <a 'sun/nio/fs/WindowsException'{0x00000000d5e76448}> (0x00000000d5e76448) 
thrown [s\src\hotspot\share\prims\jni.cpp, line 537]
Event: 8.919 Thread 0x0000023aa3c65ce0 Exception <a 'sun/nio/fs/WindowsException'{0x00000000d5e76b08}> (0x00000000d5e76b08) 
thrown [s\src\hotspot\share\prims\jni.cpp, line 537]
Event: 8.920 Thread 0x0000023aa3c65ce0 Exception <a 'sun/nio/fs/WindowsException'{0x00000000d5e78398}> (0x00000000d5e78398) 
thrown [s\src\hotspot\share\prims\jni.cpp, line 537]
Event: 8.920 Thread 0x0000023aa3c65ce0 Exception <a 'sun/nio/fs/WindowsException'{0x00000000d5e78ed8}> (0x00000000d5e78ed8) 
thrown [s\src\hotspot\share\prims\jni.cpp, line 537]
Event: 8.920 Thread 0x0000023aa3c65ce0 Exception <a 'sun/nio/fs/WindowsException'{0x00000000d5e79598}> (0x00000000d5e79598) 
thrown [s\src\hotspot\share\prims\jni.cpp, line 537]
Event: 9.256 Thread 0x0000023aa3c65ce0 Exception <a 'sun/nio/fs/WindowsException'{0x00000000d6719db8}> (0x00000000d6719db8) 
thrown [s\src\hotspot\share\prims\jni.cpp, line 537]
Event: 9.297 Thread 0x0000023aa4e03230 Exception <a 'sun/nio/fs/WindowsException'{0x00000000d675adb0}> (0x00000000d675adb0) 
thrown [s\src\hotspot\share\prims\jni.cpp, line 537]
Event: 9.336 Thread 0x0000023aa3c65ce0 Exception <a 'java/lang/ClassNotFoundException'{0x00000000d686a178}: com/sun/org/apache/xerces/internal/impl/msg/spi/DOMMessagesProvider> (0x00000000d686a178) 
thrown [s\src\hotspot\share\classfile\systemDictionary.cpp, line 312]
Event: 9.338 Thread 0x0000023aa3c65ce0 Exception <a 'java/lang/ClassNotFoundException'{0x00000000d687b8e0}: com/sun/org/apache/xerces/internal/impl/msg/spi/XMLSerializerMessagesProvider> (0x00000000d687b8e0) 
thrown [s\src\hotspot\share\classfile\systemDictionary.cpp, line 312]
Event: 9.339 Thread 0x0000023aa3c65ce0 Exception <a 'java/lang/ClassNotFoundException'{0x00000000d6888bb0}: com/sun/org/apache/xerces/internal/impl/msg/spi/XMLMessagesProvider> (0x00000000d6888bb0) 
thrown [s\src\hotspot\share\classfile\systemDictionary.cpp, line 312]
Event: 9.358 Thread 0x0000023aa3c65ce0 Exception <a 'sun/nio/fs/WindowsException'{0x00000000d69e9f40}> (0x00000000d69e9f40) 
thrown [s\src\hotspot\share\prims\jni.cpp, line 537]
Event: 9.404 Thread 0x0000023aa4e03230 Exception <a 'java/lang/NoSuchMethodError'{0x00000000d587a518}: 'java.lang.Object java.lang.invoke.DirectMethodHandle$Holder.invokeSpecialIFC(java.lang.Object, java.lang.Object, java.lang.Object, java.lang.Object)'> (0x00000000d587a518) 
thrown [s\src\hotspot\share\interpreter\linkResolver.cpp, line 784]

ZGC Phase Switch (0 events):
No events

VM Operations (20 events):
Event: 7.647 Executing safepoint VM operation: ParallelGCFailedAllocation (Allocation Failure)
Event: 7.650 Executing safepoint VM operation: ParallelGCFailedAllocation (Allocation Failure) done
Event: 8.001 Executing non-safepoint VM operation: HandshakeAllThreads (Deoptimize)
Event: 8.001 Executing non-safepoint VM operation: HandshakeAllThreads (Deoptimize) done
Event: 8.143 Executing safepoint VM operation: ParallelGCFailedAllocation (Allocation Failure)
Event: 8.149 Executing safepoint VM operation: ParallelGCFailedAllocation (Allocation Failure) done
Event: 8.468 Executing safepoint VM operation: ParallelGCFailedAllocation (Allocation Failure)
Event: 8.471 Executing safepoint VM operation: ParallelGCFailedAllocation (Allocation Failure) done
Event: 8.548 Executing safepoint VM operation: CollectForMetadataAllocation (Metadata GC Threshold)
Event: 8.596 Executing safepoint VM operation: CollectForMetadataAllocation (Metadata GC Threshold) done
Event: 8.892 Executing safepoint VM operation: ParallelGCFailedAllocation (Allocation Failure)
Event: 8.894 Executing safepoint VM operation: ParallelGCFailedAllocation (Allocation Failure) done
Event: 9.275 Executing non-safepoint VM operation: HandshakeAllThreads (Deoptimize)
Event: 9.306 Executing non-safepoint VM operation: HandshakeAllThreads (Deoptimize) done
Event: 9.334 Executing non-safepoint VM operation: HandshakeAllThreads (Deoptimize)
Event: 9.334 Executing non-safepoint VM operation: HandshakeAllThreads (Deoptimize) done
Event: 9.372 Executing safepoint VM operation: ParallelGCFailedAllocation (Allocation Failure)
Event: 9.374 Executing safepoint VM operation: ParallelGCFailedAllocation (Allocation Failure) done
Event: 9.413 Executing non-safepoint VM operation: HandshakeAllThreads (Deoptimize)
Event: 9.492 Executing non-safepoint VM operation: HandshakeAllThreads (Deoptimize) done

Memory protections (0 events):
No events

Nmethod flushes (20 events):
Event: 8.571 Thread 0x0000023aa1a24790 flushing  nmethod 0x0000023a8960c710
Event: 8.571 Thread 0x0000023aa1a24790 flushing  nmethod 0x0000023a89614810
Event: 8.571 Thread 0x0000023aa1a24790 flushing  nmethod 0x0000023a8962c810
Event: 8.571 Thread 0x0000023aa1a24790 flushing  nmethod 0x0000023a8962cc90
Event: 8.571 Thread 0x0000023aa1a24790 flushing  nmethod 0x0000023a89638a90
Event: 8.571 Thread 0x0000023aa1a24790 flushing  nmethod 0x0000023a89639990
Event: 8.571 Thread 0x0000023aa1a24790 flushing  nmethod 0x0000023a8963ac10
Event: 8.571 Thread 0x0000023aa1a24790 flushing  nmethod 0x0000023a89642d10
Event: 8.571 Thread 0x0000023aa1a24790 flushing  nmethod 0x0000023a89643490
Event: 8.571 Thread 0x0000023aa1a24790 flushing  nmethod 0x0000023a8964ab90
Event: 8.571 Thread 0x0000023aa1a24790 flushing  nmethod 0x0000023a8965af10
Event: 8.571 Thread 0x0000023aa1a24790 flushing  nmethod 0x0000023a89664210
Event: 8.571 Thread 0x0000023aa1a24790 flushing  nmethod 0x0000023a89669290
Event: 8.571 Thread 0x0000023aa1a24790 flushing  nmethod 0x0000023a89669710
Event: 8.571 Thread 0x0000023aa1a24790 flushing  nmethod 0x0000023a89677510
Event: 8.571 Thread 0x0000023aa1a24790 flushing  nmethod 0x0000023a89680090
Event: 8.571 Thread 0x0000023aa1a24790 flushing  nmethod 0x0000023a896a0310
Event: 8.571 Thread 0x0000023aa1a24790 flushing  nmethod 0x0000023a896b0a10
Event: 8.571 Thread 0x0000023aa1a24790 flushing  nmethod 0x0000023a896b4910
Event: 8.571 Thread 0x0000023aa1a24790 flushing  nmethod 0x0000023a8974d510

Events (20 events):
Event: 0.308 Loaded shared library C:\Program Files\Android\Android Studio\jbr\bin\zip.dll
Event: 0.336 Loaded shared library C:\Program Files\Android\Android Studio\jbr\bin\jimage.dll
Event: 0.622 Thread 0x0000023a860bf010 Thread added: 0x0000023aa32abac0
Event: 1.964 Thread 0x0000023a860bf010 Thread added: 0x0000023aa372f9f0
Event: 2.477 Thread 0x0000023a860bf010 Thread added: 0x0000023aa32385b0
Event: 2.509 Loaded shared library C:\Users\Huywill\AppData\Roaming\Code\User\globalStorage\redhat.java\1.55.0\config_win\org.eclipse.equinox.launcher\org.eclipse.equinox.launcher.win32.win32.x86_64_1.3.100.v20260613-0559\eclipse_11924.dll
Event: 2.547 Thread 0x0000023aa32385b0 Thread added: 0x0000023aa3be0f50
Event: 2.556 Thread 0x0000023a860bf010 Thread added: 0x0000023aa3c65ce0
Event: 3.327 Thread 0x0000023aa3c65ce0 Thread added: 0x0000023aa3c81fa0
Event: 5.521 Thread 0x0000023aa3c65ce0 Thread added: 0x0000023aa4179570
Event: 6.450 Thread 0x0000023aa3c65ce0 Thread added: 0x0000023aa32b4e50
Event: 7.149 Loaded shared library C:\Users\Huywill\AppData\Local\Temp\jna--1354205506\jna142822643049872114.dll
Event: 7.247 Thread 0x0000023aa3c65ce0 Thread added: 0x0000023aa4e02510
Event: 7.313 Thread 0x0000023aa3c65ce0 Thread added: 0x0000023aa4e01160
Event: 7.330 Thread 0x0000023aa1ab1610 Thread added: 0x0000023aa48e8130
Event: 7.349 Thread 0x0000023aa3c65ce0 Thread added: 0x0000023aa4e03230
Event: 8.596 Thread 0x0000023aa48e8130 Thread exited: 0x0000023aa48e8130
Event: 9.078 Thread 0x0000023aa1ab1610 Thread added: 0x0000023aa48e8130
Event: 9.380 Thread 0x0000023aa3c65ce0 Thread added: 0x0000023aa4e038c0
Event: 9.381 Thread 0x0000023aa4e01160 Thread added: 0x0000023aa4e03f50


Dynamic libraries:
0x00007ff666410000 - 0x00007ff66641a000 	C:\Program Files\Android\Android Studio\jbr\bin\java.exe
0x00007ffa121c0000 - 0x00007ffa12426000 	C:\WINDOWS\SYSTEM32\ntdll.dll
0x00007ffa11de0000 - 0x00007ffa11ea9000 	C:\WINDOWS\System32\KERNEL32.DLL
0x00007ffa0f530000 - 0x00007ffa0f92f000 	C:\WINDOWS\System32\KERNELBASE.dll
0x00007ffa0fc20000 - 0x00007ffa0fd6c000 	C:\WINDOWS\System32\ucrtbase.dll
0x00007ff9b18a0000 - 0x00007ff9b18b8000 	C:\Program Files\Android\Android Studio\jbr\bin\jli.dll
0x00007ffa10940000 - 0x00007ffa10b06000 	C:\WINDOWS\System32\USER32.dll
0x00007ffa0f500000 - 0x00007ffa0f527000 	C:\WINDOWS\System32\win32u.dll
0x00007ffa10510000 - 0x00007ffa1053b000 	C:\WINDOWS\System32\GDI32.dll
0x00007ffa0f3d0000 - 0x00007ffa0f4f9000 	C:\WINDOWS\System32\gdi32full.dll
0x00007ffa0fd80000 - 0x00007ffa0fe23000 	C:\WINDOWS\System32\msvcp_win.dll
0x00007ff9b4720000 - 0x00007ff9b473b000 	C:\Program Files\Android\Android Studio\jbr\bin\VCRUNTIME140.dll
0x00007ff9f2f40000 - 0x00007ff9f31d1000 	C:\WINDOWS\WinSxS\amd64_microsoft.windows.common-controls_6595b64144ccf1df_6.0.26100.8972_none_3e0da176e32f9d4b\COMCTL32.dll
0x00007ffa10880000 - 0x00007ffa10929000 	C:\WINDOWS\System32\msvcrt.dll
0x00007ffa10840000 - 0x00007ffa10872000 	C:\WINDOWS\System32\IMM32.DLL
0x00007ff9dff80000 - 0x00007ff9dff8c000 	C:\Program Files\Android\Android Studio\jbr\bin\vcruntime140_1.dll
0x00007ff9a5320000 - 0x00007ff9a53ad000 	C:\Program Files\Android\Android Studio\jbr\bin\msvcp140.dll
0x00007ff9299f0000 - 0x00007ff92a686000 	C:\Program Files\Android\Android Studio\jbr\bin\server\jvm.dll
0x00007ffa10380000 - 0x00007ffa1043c000 	C:\WINDOWS\System32\ADVAPI32.dll
0x00007ffa120d0000 - 0x00007ffa1217a000 	C:\WINDOWS\System32\sechost.dll
0x00007ffa11530000 - 0x00007ffa11648000 	C:\WINDOWS\System32\RPCRT4.dll
0x00007ffa111e0000 - 0x00007ffa11262000 	C:\WINDOWS\System32\WS2_32.dll
0x00007ffa0df00000 - 0x00007ffa0df5e000 	C:\WINDOWS\SYSTEM32\POWRPROF.dll
0x00007ffa012a0000 - 0x00007ffa012d6000 	C:\WINDOWS\SYSTEM32\WINMM.dll
0x00007ffa03b40000 - 0x00007ffa03b4b000 	C:\WINDOWS\SYSTEM32\VERSION.dll
0x00007ffa0dee0000 - 0x00007ffa0def5000 	C:\WINDOWS\SYSTEM32\UMPDC.dll
0x00007ffa0e1e0000 - 0x00007ffa0e1fb000 	C:\WINDOWS\SYSTEM32\kernel.appcore.dll
0x00007ff9dba80000 - 0x00007ff9dba8a000 	C:\Program Files\Android\Android Studio\jbr\bin\jimage.dll
0x00007ffa0ca60000 - 0x00007ffa0cca2000 	C:\WINDOWS\SYSTEM32\DBGHELP.DLL
0x00007ffa0fef0000 - 0x00007ffa10275000 	C:\WINDOWS\System32\combase.dll
0x00007ffa10b10000 - 0x00007ffa10be9000 	C:\WINDOWS\System32\OLEAUT32.dll
0x00007ff9f9ac0000 - 0x00007ff9f9afb000 	C:\WINDOWS\SYSTEM32\dbgcore.DLL
0x00007ffa0f940000 - 0x00007ffa0f9ec000 	C:\WINDOWS\System32\bcryptPrimitives.dll
0x00007ff9db990000 - 0x00007ff9db99e000 	C:\Program Files\Android\Android Studio\jbr\bin\instrument.dll
0x00007ff9b1880000 - 0x00007ff9b18a0000 	C:\Program Files\Android\Android Studio\jbr\bin\java.dll
0x00007ff9add20000 - 0x00007ff9add38000 	C:\Program Files\Android\Android Studio\jbr\bin\zip.dll
0x00007ffa11650000 - 0x00007ffa11dd8000 	C:\WINDOWS\System32\SHELL32.dll
0x00007ffa0ce70000 - 0x00007ffa0d70b000 	C:\WINDOWS\SYSTEM32\windows.storage.dll
0x00007ffa10540000 - 0x00007ffa10639000 	C:\WINDOWS\System32\SHCORE.dll
0x00007ffa11110000 - 0x00007ffa11176000 	C:\WINDOWS\System32\shlwapi.dll
0x00007ffa0f2f0000 - 0x00007ffa0f319000 	C:\WINDOWS\SYSTEM32\profapi.dll
0x00007ff9db590000 - 0x00007ff9db5a0000 	C:\Program Files\Android\Android Studio\jbr\bin\net.dll
0x00007ffa05840000 - 0x00007ffa05968000 	C:\WINDOWS\SYSTEM32\WINHTTP.dll
0x00007ffa0e790000 - 0x00007ffa0e7fc000 	C:\WINDOWS\system32\mswsock.dll
0x00007ff9add00000 - 0x00007ff9add16000 	C:\Program Files\Android\Android Studio\jbr\bin\nio.dll
0x00007ff9dab70000 - 0x00007ff9dab80000 	C:\Program Files\Android\Android Studio\jbr\bin\verify.dll
0x00007ff9a4ab0000 - 0x00007ff9a4af5000 	C:\Users\Huywill\AppData\Roaming\Code\User\globalStorage\redhat.java\1.55.0\config_win\org.eclipse.equinox.launcher\org.eclipse.equinox.launcher.win32.win32.x86_64_1.3.100.v20260613-0559\eclipse_11924.dll
0x00007ffa10640000 - 0x00007ffa107d9000 	C:\WINDOWS\System32\ole32.dll
0x00007ffa0ea80000 - 0x00007ffa0ea9b000 	C:\WINDOWS\SYSTEM32\CRYPTSP.dll
0x00007ffa0e140000 - 0x00007ffa0e179000 	C:\WINDOWS\system32\rsaenh.dll
0x00007ffa0e840000 - 0x00007ffa0e872000 	C:\WINDOWS\SYSTEM32\USERENV.dll
0x00007ffa0f2c0000 - 0x00007ffa0f2ea000 	C:\WINDOWS\SYSTEM32\bcrypt.dll
0x00007ffa0eaa0000 - 0x00007ffa0eaac000 	C:\WINDOWS\SYSTEM32\CRYPTBASE.dll
0x00007ffa0dae0000 - 0x00007ffa0db13000 	C:\WINDOWS\SYSTEM32\IPHLPAPI.DLL
0x00007ffa10930000 - 0x00007ffa1093a000 	C:\WINDOWS\System32\NSI.dll
0x00007ff992550000 - 0x00007ff992599000 	C:\Users\Huywill\AppData\Local\Temp\jna--1354205506\jna142822643049872114.dll
0x00007ffa11180000 - 0x00007ffa11188000 	C:\WINDOWS\System32\PSAPI.DLL

JVMTI agents:
c:\Users\Huywill\.vscode\extensions\redhat.java-1.55.0-win32-x64\lombok\lombok-1.18.39-4050.jar path:C:\Program Files\Android\Android Studio\jbr\bin\instrument.dll, loaded, initialized, instrumentlib options:none

dbghelp: loaded successfully - version: 4.0.5 - missing functions: none
symbol engine: initialized successfully - sym options: 0x614 - pdb path: .;C:\Program Files\Android\Android Studio\jbr\bin;C:\WINDOWS\SYSTEM32;C:\WINDOWS\WinSxS\amd64_microsoft.windows.common-controls_6595b64144ccf1df_6.0.26100.8972_none_3e0da176e32f9d4b;C:\Program Files\Android\Android Studio\jbr\bin\server;C:\Users\Huywill\AppData\Roaming\Code\User\globalStorage\redhat.java\1.55.0\config_win\org.eclipse.equinox.launcher\org.eclipse.equinox.launcher.win32.win32.x86_64_1.3.100.v20260613-0559;C:\Users\Huywill\AppData\Local\Temp\jna--1354205506

VM Arguments:
jvm_args: --add-modules=ALL-SYSTEM --add-opens=java.base/java.util=ALL-UNNAMED --add-opens=java.base/java.lang=ALL-UNNAMED --add-opens=java.base/sun.nio.fs=ALL-UNNAMED -Declipse.application=org.eclipse.jdt.ls.core.id1 -Dosgi.bundles.defaultStartLevel=4 -Declipse.product=org.eclipse.jdt.ls.core.product -Djava.import.generatesMetadataFilesAtProjectRoot=false -DDetectVMInstallationsJob.disabled=true -Dfile.encoding=utf8 -XX:+UseParallelGC -XX:GCTimeRatio=4 -XX:AdaptiveSizePolicyWeight=90 -Dsun.zip.disableMemoryMapping=true -Xmx2G -Xms100m -Xlog:disable -javaagent:c:\Users\Huywill\.vscode\extensions\redhat.java-1.55.0-win32-x64\lombok\lombok-1.18.39-4050.jar -XX:+HeapDumpOnOutOfMemoryError -XX:HeapDumpPath=c:\Users\Huywill\AppData\Roaming\Code\User\workspaceStorage\6dbe84330905bf9988ffc1e6a4f4587e\redhat.java -Daether.dependencyCollector.impl=bf 
java_command: c:\Users\Huywill\.vscode\extensions\redhat.java-1.55.0-win32-x64\server\plugins\org.eclipse.equinox.launcher_1.7.200.v20260619-2039.jar -configuration c:\Users\Huywill\AppData\Roaming\Code\User\globalStorage\redhat.java\1.55.0\config_win -data c:\Users\Huywill\AppData\Roaming\Code\User\workspaceStorage\6dbe84330905bf9988ffc1e6a4f4587e\redhat.java\jdt_ws --pipe=\\.\pipe\lsp-47a3d373f41d37be8be00d901ef9703e-sock
java_class_path (initial): c:\Users\Huywill\.vscode\extensions\redhat.java-1.55.0-win32-x64\server\plugins\org.eclipse.equinox.launcher_1.7.200.v20260619-2039.jar
Launcher Type: SUN_STANDARD

[Global flags]
    uintx AdaptiveSizePolicyWeight                 = 90                                        {product} {command line}
     intx CICompilerCount                          = 4                                         {product} {ergonomic}
    uintx GCTimeRatio                              = 4                                         {product} {command line}
     bool HeapDumpOnOutOfMemoryError               = true                                   {manageable} {command line}
    ccstr HeapDumpPath                             = c:\Users\Huywill\AppData\Roaming\Code\User\workspaceStorage\6dbe84330905bf9988ffc1e6a4f4587e\redhat.java         {manageable} {command line}
   size_t InitialHeapSize                          = 104857600                                 {product} {command line}
   size_t MaxHeapSize                              = 2147483648                                {product} {command line}
   size_t MaxNewSize                               = 715653120                                 {product} {ergonomic}
   size_t MinHeapDeltaBytes                        = 524288                                    {product} {ergonomic}
   size_t MinHeapSize                              = 104857600                                 {product} {command line}
   size_t NewSize                                  = 34603008                                  {product} {ergonomic}
    uintx NonNMethodCodeHeapSize                   = 5839372                                {pd product} {ergonomic}
    uintx NonProfiledCodeHeapSize                  = 122909434                              {pd product} {ergonomic}
   size_t OldSize                                  = 70254592                                  {product} {ergonomic}
    uintx ProfiledCodeHeapSize                     = 122909434                              {pd product} {ergonomic}
    uintx ReservedCodeCacheSize                    = 251658240                              {pd product} {ergonomic}
     bool SegmentedCodeCache                       = true                                      {product} {ergonomic}
   size_t SoftMaxHeapSize                          = 2147483648                             {manageable} {ergonomic}
     bool UseCompressedOops                        = true                           {product lp64_product} {ergonomic}
     bool UseLargePagesIndividualAllocation        = false                                  {pd product} {ergonomic}
     bool UseParallelGC                            = true                                      {product} {command line}

Logging:
Log output configuration:
 #0: stdout all=off uptime,level,tags foldmultilines=false
 #1: stderr all=off uptime,level,tags foldmultilines=false

Release file:
JAVA_VERSION="21.0.10" 
MODULES="java.base java.compiler java.datatransfer java.xml java.prefs java.desktop java.instrument java.logging java.management java.security.sasl java.naming java.rmi java.management.rmi java.net.http java.scripting java.security.jgss java.transaction.xa java.sql java.sql.rowset java.xml.crypto java.se java.smartcardio jdk.accessibility jdk.internal.jvmstat jdk.attach jdk.charsets jdk.internal.opt jdk.zipfs jdk.compiler jdk.crypto.ec jdk.crypto.cryptoki jdk.dynalink jdk.hotspot.agent jdk.httpserver jdk.internal.ed jdk.internal.le jdk.internal.vm.ci jdk.jartool jdk.javadoc jdk.jcmd jdk.jdeps jdk.jdwp.agent jdk.jdi jdk.jfr jdk.jlink jdk.jsobject jdk.localedata jdk.management jdk.management.agent jdk.management.jfr jdk.naming.dns jdk.naming.rmi jdk.net jdk.sctp jdk.security.auth jdk.security.jgss jdk.unsupported jdk.unsupported.desktop jdk.xml.dom" 
IMPLEMENTOR="JetBrains s.r.o." 
JAVA_RUNTIME_VERSION="21.0.10+-14961533-b1163.108" 
LIBC="default" 
OS_ARCH="x86_64" 
OS_NAME="Windows" 
SOURCE=".:git:1351622c2ff2" 

Environment Variables:
JAVA_HOME=C:\JAVA
PATH=C:\Program Files (x86)\Microsoft SDKs\Azure\CLI2\wbin;C:\Program Files (x86)\VMware\VMware Workstation\bin\;C:\Program Files\Common Files\Oracle\Java\javapath;C:\Program Files\Microsoft MPI\Bin\;C:\Program Files (x86)\Common Files\Oracle\Java\javapath;C:\Windows\system32;C:\Windows;C:\Windows\System32\Wbem;C:\Windows\System32\WindowsPowerShell\v1.0\;C:\Windows\System32\OpenSSH\;C:\Program Files (x86)\NVIDIA Corporation\PhysX\Common;C:\Program Files\NVIDIA Corporation\NVIDIA NvDLISR;C:\Program Files\dotnet\;C:\WINDOWS\system32;C:\WINDOWS;C:\WINDOWS\System32\Wbem;C:\WINDOWS\System32\WindowsPowerShell\v1.0\;C:\WINDOWS\System32\OpenSSH\;C:\Program Files\Microsoft SQL Server\150\Tools\Binn\;C:\Program Files\playit_gg\bin\;C:\Program Files (x86)\Windows Kits\10\Windows Performance Toolkit\;C:\Program Files\TortoiseGit\bin;C:\Program Files (x86)\Microsoft SQL Server\160\Tools\Binn\;C:\Program Files\Microsoft SQL Server\160\Tools\Binn\;C:\Program Files\Microsoft SQL Server\Client SDK\ODBC\170\Tools\Binn\;C:\Program Files\Microsoft SQL Server\160\DTS\Binn\;C:\Program Files (x86)\Microsoft SQL Server\160\DTS\Binn\;C:\Program Files\Git\cmd;C:\Program Files (x86)\IVI Foundation\VISA\WinNT\Bin;C:\Users\Huywill\SQLite;C:\Program Files\Docker\Docker\resources\bin;C:\Users\Huywill\AppData\Local\nvm;C:\nvm4w\nodejs;C:\Program Files\Cloudflare\Cloudflare WARP\;C:\Users\Huywill\AppData\Local\Programs\Python\Python311\Scripts\;C:\Users\Huywill\AppData\Local\Programs\Python\Python311\;C:\Users\Huywill\AppData\Local\Microsoft\WindowsApps;C:\Users\Huywill\AppData\Local\Programs\Microsoft VS Code\bin;C:\JAVA\bin;C:\Users\Huywill\.dotnet\tools;C:\Users\Huywill\AppData\Local\GitHubDesktop\bin;D:\IntelliJ IDEA Community Edition 2024.3.4.1\bin;;C:\Program Files\JetBrains\IntelliJ IDEA 2024.3.4.1\bin;;C:\Program Files (x86)\Nmap;C:\Users\Huywill\AppData\Local\nvm;C:\nvm4w\nodejs;C:\Users\Huywill\AppData\Local\Programs\cursor\resources\app\bin
USERNAME=Huywill
OS=Windows_NT
PROCESSOR_IDENTIFIER=Intel64 Family 6 Model 141 Stepping 1, GenuineIntel
TMP=C:\Users\Huywill\AppData\Local\Temp
TEMP=C:\Users\Huywill\AppData\Local\Temp




Periodic native trim disabled

JNI global refs:
JNI global refs: 27, weak refs: 45

JNI global refs memory usage: 835, weak refs: 833

Process memory usage:
Resident Set Size: 183040K (1% of 16497444K total physical memory with 404724K free physical memory)

OOME stack traces (most recent first):
Classloader memory used:
